accion	origen	destino	sha256	bytes	nota
mover	fotos-originales/fiestas-patrias-2026/VA 01.JPG	media/fuente/chinas-modelo-2025-08-02/va01.jpg	c5217a7c1c7921eaf5187881770fce8be97962425429a01fa56554642d63728a	3206215	foto de modelo, normalizada
mover	fotos-originales/fiestas-patrias-2026/VF 01.JPG	media/fuente/chinas-modelo-2025-08-02/vf01.jpg	a3930142c888e6cd419e35f99090e5d843627d4406093cf12d3a796f7a0d63ba	1812540	foto de modelo, normalizada
mover	fotos-originales/fiestas-patrias-2026/VF 01A.JPG	media/fuente/chinas-modelo-2025-08-02/vf01a.jpg	eacdf07a3a94723001f070bdf5ea179f25a0aa3466323e62e73f328d01b9dd9f	1425605	foto de modelo, normalizada
mover	fotos-originales/fiestas-patrias-2026/VM01.JPG	media/fuente/chinas-modelo-2025-08-02/vm01.jpg	026b61aa3b8f84c231d87405c865aa6a00a61ea67153808138fcc9816449fd33	2444587	foto de modelo, normalizada
mover	fotos-originales/fiestas-patrias-2026/VN01.JPG	media/fuente/chinas-modelo-2025-08-02/vn01.jpg	7fc98b9fe7e0608d70583fa72766b0f212ab828abb9ffde099e21ca539edb817	2570549	foto de modelo, normalizada
mover	fotos-originales/fiestas-patrias-2026/VN01A.JPG	media/fuente/chinas-modelo-2025-08-02/vn01a.jpg	bac8e2ecf3da8cb017efd793677140f174467a3c16b614b249d4327a850a853a	2735640	foto de modelo, normalizada
mover	fotos-originales/fiestas-patrias-2026/VN03.JPG	media/fuente/chinas-modelo-2025-08-02/vn03.jpg	2f9a9c7588880bf72d55d5d68b7dc7f4e242a200ce1288ea0a494c6436c61139	2481960	foto de modelo, normalizada
mover	fotos-originales/fiestas-patrias-2026/VN03A.JPG	media/fuente/chinas-modelo-2025-08-02/vn03a.jpg	c7c722f405c61dda31b4aa7a7ad366c260162a4c9f6e66ec8162239a991a63a6	3144835	foto de modelo, normalizada
mover	fotos-originales/fiestas-patrias-2026/VN03B.JPG	media/fuente/chinas-modelo-2025-08-02/vn03b.jpg	3833a948a19c70410b5db33d524e78b87c6109cc97c2e5d9920e901216b7f911	2578771	foto de modelo, normalizada
mover	fotos-originales/fiestas-patrias-2026/VR01.JPG	media/fuente/chinas-modelo-2025-08-02/vr01.jpg	1ad2936d77df72a087f9e10c39531cabd6d9d20d794ac29efb21a0c6dde20bb7	3212244	foto de modelo, normalizada
mover	fotos-originales/fiestas-patrias-2026/VR01A.JPG	media/fuente/chinas-modelo-2025-08-02/vr01a.jpg	2ece034f90526023e716578f927e0b50cb65ad1d2bb5ea580ac50e50d2be72f9	3203008	foto de modelo, normalizada
mover	fotos-originales/fiestas-patrias-2026/VR02.JPG	media/fuente/chinas-modelo-2025-08-02/vr02.jpg	bc6376dd94befeb2925c9688005d4663346a3beed9ed6e15a4fe670670451a78	3273340	foto de modelo, normalizada
mover	fotos-originales/fiestas-patrias-2026/VR02A.JPG	media/fuente/chinas-modelo-2025-08-02/vr02a.jpg	f43f6e47d050a5e9a59691ba41e461b7c981973bbe58164332bd0d2b4ceab940	3068537	foto de modelo, normalizada
mover	fotos-originales/fiestas-patrias-2026/VB01.JPG	media/_archivo/fuente-chinas-modelo-2025-08-02/vb01-baja-resolucion.jpg	0ddff492f26db3e3d986302111be48d4d351e5b76bd632f927ff67484a651406	921500	768x1251, hay una version mejor en chinitas
mover	fotos-originales/fiestas-patrias-2026/VF01.jpg	media/_archivo/fuente-chinas-modelo-2025-08-02/vf01-sin-exif.jpg	9b6b6a5b0249bcafe614911223f1296959607db33bd251ce6c535b83deb5c3e8	340128	sin EXIF, evita choque de mayusculas con vf01.jpg
mover	fotos-originales/fiestas-patrias-2026-editadas-sin-tatuajes/vm01.jpg	media/fuente/chinas-modelo-2025-08-02-sin-tatuajes/vm01.jpg	c32a024c57e4a1f5f981e85047a7acff155e363c3caf51ec68c2cea68bc6d29d	1965459	edicion sin tatuajes
mover	fotos-originales/fiestas-patrias-2026-editadas-sin-tatuajes/vn01.jpg	media/fuente/chinas-modelo-2025-08-02-sin-tatuajes/vn01.jpg	90a7ef0029ae86b262814c532098d7bac6152e31b632f5a4688754df91e4e608	2267666	edicion sin tatuajes
mover	fotos-originales/fiestas-patrias-2026-editadas-sin-tatuajes/vn01a.jpg	media/fuente/chinas-modelo-2025-08-02-sin-tatuajes/vn01a.jpg	44e3d62440877344c4afed506a5e2765a1d0b20a7d645824871925f8ce6a23a0	3064201	edicion sin tatuajes
mover	fotos-originales/fiestas-patrias-2026-editadas-sin-tatuajes/vr01.jpg	media/fuente/chinas-modelo-2025-08-02-sin-tatuajes/vr01.jpg	0688a50886a0338695f75c697fc6ac97d44edc4b0ce692f564f857075f5ab1aa	2332329	edicion sin tatuajes
mover	fotos-originales/fiestas-patrias-2026-editadas-sin-tatuajes/vr01a.jpg	media/fuente/chinas-modelo-2025-08-02-sin-tatuajes/vr01a.jpg	d69ff98f8b68b88373f14a15574558e7f49e49e51f0dfdc80d115b12c80e1847	3599020	edicion sin tatuajes
mover	fotos-originales/fiestas-patrias-2026-editadas-sin-tatuajes/vr02a.jpg	media/fuente/chinas-modelo-2025-08-02-sin-tatuajes/vr02a.jpg	4adcfedef7f25e16ef5c711f4a216e2e9fa49a878d45170ac7634caa80477f76	3687364	edicion sin tatuajes
borrar-duplicado	public/images/productos/fotos-chinitas2026/VA 01.JPG	media/fuente/chinas-modelo-2025-08-02/va01.jpg	c5217a7c1c7921eaf5187881770fce8be97962425429a01fa56554642d63728a	3206215	identico al de fuente
borrar-duplicado	public/images/productos/fotos-chinitas2026/VF 01.JPG	media/fuente/chinas-modelo-2025-08-02/vf01.jpg	a3930142c888e6cd419e35f99090e5d843627d4406093cf12d3a796f7a0d63ba	1812540	identico al de fuente
borrar-duplicado	public/images/productos/fotos-chinitas2026/VF 01A.JPG	media/fuente/chinas-modelo-2025-08-02/vf01a.jpg	eacdf07a3a94723001f070bdf5ea179f25a0aa3466323e62e73f328d01b9dd9f	1425605	identico al de fuente
borrar-duplicado	public/images/productos/fotos-chinitas2026/VF01.jpg	media/_archivo/fuente-chinas-modelo-2025-08-02/vf01-sin-exif.jpg	9b6b6a5b0249bcafe614911223f1296959607db33bd251ce6c535b83deb5c3e8	340128	identico al de fuente
borrar-duplicado	public/images/productos/fotos-chinitas2026/VM01.JPG	media/fuente/chinas-modelo-2025-08-02/vm01.jpg	026b61aa3b8f84c231d87405c865aa6a00a61ea67153808138fcc9816449fd33	2444587	identico al de fuente
borrar-duplicado	public/images/productos/fotos-chinitas2026/VN01.JPG	media/fuente/chinas-modelo-2025-08-02/vn01.jpg	7fc98b9fe7e0608d70583fa72766b0f212ab828abb9ffde099e21ca539edb817	2570549	identico al de fuente
borrar-duplicado	public/images/productos/fotos-chinitas2026/VN01A.JPG	media/fuente/chinas-modelo-2025-08-02/vn01a.jpg	bac8e2ecf3da8cb017efd793677140f174467a3c16b614b249d4327a850a853a	2735640	identico al de fuente
borrar-duplicado	public/images/productos/fotos-chinitas2026/VN03.JPG	media/fuente/chinas-modelo-2025-08-02/vn03.jpg	2f9a9c7588880bf72d55d5d68b7dc7f4e242a200ce1288ea0a494c6436c61139	2481960	identico al de fuente
borrar-duplicado	public/images/productos/fotos-chinitas2026/VN03A.JPG	media/fuente/chinas-modelo-2025-08-02/vn03a.jpg	c7c722f405c61dda31b4aa7a7ad366c260162a4c9f6e66ec8162239a991a63a6	3144835	identico al de fuente
borrar-duplicado	public/images/productos/fotos-chinitas2026/VR01.JPG	media/fuente/chinas-modelo-2025-08-02/vr01.jpg	1ad2936d77df72a087f9e10c39531cabd6d9d20d794ac29efb21a0c6dde20bb7	3212244	identico al de fuente
borrar-duplicado	public/images/productos/fotos-chinitas2026/VR01A.JPG	media/fuente/chinas-modelo-2025-08-02/vr01a.jpg	2ece034f90526023e716578f927e0b50cb65ad1d2bb5ea580ac50e50d2be72f9	3203008	identico al de fuente
borrar-duplicado	public/images/productos/fotos-chinitas2026/VR02.JPG	media/fuente/chinas-modelo-2025-08-02/vr02.jpg	bc6376dd94befeb2925c9688005d4663346a3beed9ed6e15a4fe670670451a78	3273340	identico al de fuente
borrar-duplicado	public/images/productos/fotos-chinitas2026/VR02A.JPG	media/fuente/chinas-modelo-2025-08-02/vr02a.jpg	f43f6e47d050a5e9a59691ba41e461b7c981973bbe58164332bd0d2b4ceab940	3068537	identico al de fuente
borrar-duplicado	public/images/productos/fotos-chinitas2026/VN02.JPG	media/fuente/chinas-modelo-2025-08-02/vn03b.jpg	3833a948a19c70410b5db33d524e78b87c6109cc97c2e5d9920e901216b7f911	2578771	mismo contenido, nombre distinto
mover	public/images/productos/fotos-chinitas2026/VB01.JPG	media/fuente/chinas-modelo-2025-08-02/vb01.jpg	6f0fa81e0a3b55593a3429bbfdb78e1eab6d342a7abd1fb3c17a96db1fb62aae	1555929	version de alta resolucion (2641x4746)
mover	public/images/productos/fotos-chinitas2026/WhatsApp Image 2026-08-07 at 1.46.57 PM.jpeg	media/fuente/chinas-maniqui-2026-08-07/2026-08-07_134657.jpg	f6e39fd4d24a92258696febdcec86eac6a8440792944c750c6ef51bc760e6f0a	267621	maniqui, fuente de la receta seedream
mover	public/images/productos/fotos-chinitas2026/WhatsApp Image 2026-08-07 at 1.46.58 PM (1).jpeg	media/fuente/chinas-maniqui-2026-08-07/2026-08-07_134658-1.jpg	e284b51180647b6f08182b027608ffcb8753363b88b491569a5054d6a2391f4e	334696	maniqui, fuente de la receta seedream
mover	public/images/productos/fotos-chinitas2026/WhatsApp Image 2026-08-07 at 1.46.58 PM.jpeg	media/fuente/chinas-maniqui-2026-08-07/2026-08-07_134658.jpg	96650198ead607e286d5d72e59d70a2485e5a75342bfff3834ef4d6cb0add535	367366	maniqui, fuente de la receta seedream
mover	public/images/productos/fotos-chinitas2026/WhatsApp Image 2026-08-07 at 1.46.59 PM.jpeg	media/fuente/chinas-maniqui-2026-08-07/2026-08-07_134659.jpg	22036e862361e48d7148d5ef218cc06a8b26abaefd545a83455b8b967506c005	231776	maniqui, fuente de la receta seedream
mover	public/images/productos/fotos-chinitas2026/WhatsApp Image 2026-08-07 at 1.47.03 PM (2).jpeg	media/fuente/chinas-maniqui-2026-08-07/2026-08-07_134703-2.jpg	54f3e9392583bab3f463c9c58dba75fecc410d65204b30b50b0ef1187ee7ce23	214881	maniqui, fuente de la receta seedream
mover	public/images/productos/fotos-chinitas2026/WhatsApp Image 2026-08-07 at 1.47.03 PM.jpeg	media/fuente/chinas-maniqui-2026-08-07/2026-08-07_134703.jpg	c52bea3397e450b3c6ffae691828c5e736a943a83f727c9e367cd97923d0f2f9	226919	maniqui, fuente de la receta seedream
mover	public/images/productos/fotos-chinitas2026/WhatsApp Image 2026-08-07 at 1.47.04 PM (1).jpeg	media/fuente/chinas-maniqui-2026-08-07/2026-08-07_134704-1.jpg	c0a69312e3a2add8d450081d4d46ff0f12f79d6ca8baa65e89c99cb5857e0b7e	235524	maniqui, fuente de la receta seedream
mover	public/images/productos/fotos-chinitas2026/WhatsApp Image 2026-08-07 at 1.47.04 PM (2).jpeg	media/fuente/chinas-maniqui-2026-08-07/2026-08-07_134704-2.jpg	1bc9a2a74944152b4ebb673259734e2bf84ba6835389e75bbd29adfb099115bf	240353	maniqui, fuente de la receta seedream
mover	public/images/productos/fotos-chinitas2026/WhatsApp Image 2026-08-07 at 1.47.04 PM (3).jpeg	media/fuente/chinas-maniqui-2026-08-07/2026-08-07_134704-3.jpg	b241ce566974da35412ff8e06358d78deb2f7363fc6bb3bac170c1b403aa2104	203210	maniqui, fuente de la receta seedream
mover	public/images/productos/fotos-chinitas2026/WhatsApp Image 2026-08-07 at 1.47.04 PM.jpeg	media/fuente/chinas-maniqui-2026-08-07/2026-08-07_134704.jpg	56597ee61a00fe26f4c37e93020c56f14d06d1589f4201f80182f5ea62c6db8e	237977	maniqui, fuente de la receta seedream
mover	public/images/productos/fotos-chinitas2026/WhatsApp Image 2026-08-07 at 2.23.54 PM (1).jpeg	media/fuente/chinas-maniqui-2026-08-07/2026-08-07_142354-1.jpg	4ad530c948c7037752d270ade4bfff9281ebd2eee30502a11364053f78d003d9	146880	maniqui, fuente de la receta seedream
mover	public/images/productos/fotos-chinitas2026/WhatsApp Image 2026-08-07 at 2.23.55 PM.jpeg	media/fuente/chinas-maniqui-2026-08-07/2026-08-07_142355.jpg	39bfcfef5ec25fa676b806be82863f016c3318ef855420fa0dd00a64c3666287	98874	maniqui, fuente de la receta seedream
mover	public/images/productos/fotos-chinitas2026/WhatsApp Image 2026-08-07 at 2.24.59 PM (1).jpeg	media/fuente/chinas-maniqui-2026-08-07/2026-08-07_142459-1.jpg	2ebe0b5a864fdb7853304ca1a2e96719dce8a499ab9949360508198878b86c7a	125652	maniqui, fuente de la receta seedream
mover	public/images/productos/fotos-chinitas2026/WhatsApp Image 2026-08-07 at 2.24.59 PM (2).jpeg	media/fuente/chinas-maniqui-2026-08-07/2026-08-07_142459-2.jpg	9d0b06f0511e61ec48eb4daf94c9dcae7d559fb387669f708219bdf280bc7e04	174763	maniqui, fuente de la receta seedream
mover	public/images/productos/fotos-chinitas2026/WhatsApp Image 2026-08-07 at 2.24.59 PM (3).jpeg	media/fuente/chinas-maniqui-2026-08-07/2026-08-07_142459-3.jpg	725b4d1412ea5cce9125e116e45940566d11b16289e1d3a36bf26af6a02c70b1	136949	maniqui, fuente de la receta seedream
mover	public/images/productos/fotos-chinitas2026/WhatsApp Image 2026-08-07 at 2.24.59 PM.jpeg	media/fuente/chinas-maniqui-2026-08-07/2026-08-07_142459.jpg	c67e752db940687d0b008109b17df3f8f285f912dec2e63bc4efec7426075781	100289	maniqui, fuente de la receta seedream
mover	public/images/productos/fotos-chinitas2026/WhatsApp Image 2026-08-07 at 2.25.00 PM (1).jpeg	media/fuente/chinas-maniqui-2026-08-07/2026-08-07_142500-1.jpg	6a7295ac4ee25d3f7472afcd3f7da35686e043e0bfea89487e0ef723892da39f	118162	maniqui, fuente de la receta seedream
mover	public/images/productos/fotos-chinitas2026/WhatsApp Image 2026-08-07 at 2.25.00 PM (2).jpeg	media/fuente/chinas-maniqui-2026-08-07/2026-08-07_142500-2.jpg	a57a9058c347004b9e194554b101105265a2b2e0d2f999c6ad65d4f09ef32e84	168645	maniqui, fuente de la receta seedream
mover	public/images/productos/fotos-chinitas2026/WhatsApp Image 2026-08-07 at 2.25.00 PM.jpeg	media/fuente/chinas-maniqui-2026-08-07/2026-08-07_142500.jpg	f9ab407c0a4970bb99d7ea3085598c69b80f6a4c3f205cee4c286034dbc36717	131830	maniqui, fuente de la receta seedream
mover	public/images/productos/fotos-chinitas2026/WhatsApp Image 2026-08-07 at 2.25.02 PM (1).jpeg	media/fuente/chinas-maniqui-2026-08-07/2026-08-07_142502-1.jpg	50d90fc5fec0e88a673bd4c57dbbf46fbb6a6fb7a57676c9d0d11ba0c3aa1dd4	142094	maniqui, fuente de la receta seedream
mover	public/images/productos/fotos-chinitas2026/WhatsApp Image 2026-08-07 at 2.25.02 PM.jpeg	media/fuente/chinas-maniqui-2026-08-07/2026-08-07_142502.jpg	776fbf3813ea6d3404becd4c6e6f77675050858b00e607a90d7e71a113d52e0c	123915	maniqui, fuente de la receta seedream
mover	public/images/productos/fotos-chinitas2026/WhatsApp Image 2026-08-07 at 2.25.05 PM (1).jpeg	media/fuente/chinas-maniqui-2026-08-07/2026-08-07_142505-1.jpg	c694edb56f1a3deaa6be8b506f05c5b040d5a12ee13c05b77e12bfaf285e938c	143661	maniqui, fuente de la receta seedream
mover	public/images/productos/fotos-chinitas2026/WhatsApp Image 2026-08-07 at 2.25.05 PM.jpeg	media/fuente/chinas-maniqui-2026-08-07/2026-08-07_142505.jpg	240fe04157b31da9f64d190b8df5053ddc8091449322fa014467572bf8dc6d3c	141846	maniqui, fuente de la receta seedream
mover	public/images/productos/fotos-chinitas2026/WhatsApp Image 2026-08-07 at 2.25.06 PM.jpeg	media/fuente/chinas-maniqui-2026-08-07/2026-08-07_142506.jpg	09fb2c723f35309a814915bbea4b33002d864c9c5d6eec7ff013e8e941cd317e	136552	maniqui, fuente de la receta seedream
mover	public/images/productos/fotos-chinitas2026/WhatsApp Image 2026-08-07 at 2.25.07 PM.jpeg	media/fuente/chinas-maniqui-2026-08-07/2026-08-07_142507.jpg	f384b27bad88b0c475fc16bf98a3c824333945bad9702678f777b5d1a7bc1f86	137028	maniqui, fuente de la receta seedream
mover	public/images/productos/fotos-chinitas2026/WhatsApp Image 2026-08-07 at 2.25.08 PM.jpeg	media/fuente/chinas-maniqui-2026-08-07/2026-08-07_142508.jpg	63fadef7dcb01aee9b6a67254c357166251bf8cf2a386c5b57ed832c1f749c85	145817	maniqui, fuente de la receta seedream
mover	public/images/productos/fotos-chinitas2026/WhatsApp Image 2026-08-07 at 2.25.09 PM (1).jpeg	media/fuente/chinas-maniqui-2026-08-07/2026-08-07_142509-1.jpg	5ff48dce6c3a46d3f408967176bc7c8349854788609d2f8744bff2d22887bd19	165446	maniqui, fuente de la receta seedream
mover	public/images/productos/fotos-chinitas2026/WhatsApp Image 2026-08-07 at 2.25.09 PM (2).jpeg	media/fuente/chinas-maniqui-2026-08-07/2026-08-07_142509-2.jpg	8ffe451f45ed8f315605945d6882a92cdd94318b27a1088f664b49b05806b2e9	136933	maniqui, fuente de la receta seedream
mover	public/images/productos/fotos-chinitas2026/WhatsApp Image 2026-08-07 at 2.25.09 PM.jpeg	media/fuente/chinas-maniqui-2026-08-07/2026-08-07_142509.jpg	3ea68999518c13e2ae08de0e36f23348cbea66a1250710682b9a824f441c1fe7	145039	maniqui, fuente de la receta seedream
mover	public/images/productos/fotos-chinitas2026/WhatsApp Image 2026-08-07 at 2.25.10 PM (1).jpeg	media/fuente/chinas-maniqui-2026-08-07/2026-08-07_142510-1.jpg	56cdcfc2c850ca29b4431c352f30ea1f986a85961779af81f0b96f15f7ceeab4	139523	maniqui, fuente de la receta seedream
mover	public/images/productos/fotos-chinitas2026/WhatsApp Image 2026-08-07 at 2.25.10 PM (2).jpeg	media/fuente/chinas-maniqui-2026-08-07/2026-08-07_142510-2.jpg	e76aadfac802641003c412ade8f732faa23eaf963fb706614f16014d423ebfb0	125674	maniqui, fuente de la receta seedream
mover	public/images/productos/fotos-chinitas2026/WhatsApp Image 2026-08-07 at 2.25.10 PM (3).jpeg	media/fuente/chinas-maniqui-2026-08-07/2026-08-07_142510-3.jpg	4a7c151b482e5bfa2a5cac70eb2f9f788c8f4c8a45c1c1be2af908c88fe04dcf	119758	maniqui, fuente de la receta seedream
mover	public/images/productos/fotos-chinitas2026/WhatsApp Image 2026-08-07 at 2.25.10 PM.jpeg	media/fuente/chinas-maniqui-2026-08-07/2026-08-07_142510.jpg	cae2c45f166ac17c1046f89892ac7372939fe183ae8f0e77d8ecfdfc688fd033	159807	maniqui, fuente de la receta seedream
mover	public/images/productos/fotos-chinitas2026/WhatsApp Image 2026-08-07 at 2.25.11 PM (1).jpeg	media/fuente/chinas-maniqui-2026-08-07/2026-08-07_142511-1.jpg	d403852d18d086360af64969c200f94b7f83e7a53b85f90a5055efafe2ac5127	137279	maniqui, fuente de la receta seedream
mover	public/images/productos/fotos-chinitas2026/WhatsApp Image 2026-08-07 at 2.25.11 PM.jpeg	media/fuente/chinas-maniqui-2026-08-07/2026-08-07_142511.jpg	c46f9c5e490bbe9212e278f58d391f373d247fecd89a4888b89bf1e0f5d64889	113332	maniqui, fuente de la receta seedream
mover	public/images/productos/fotos-chinitas2026/WhatsApp Image 2026-08-07 at 2.25.12 PM (3).jpeg	media/fuente/chinas-maniqui-2026-08-07/2026-08-07_142512-3.jpg	368bf0b236846f4a199ea8314fb223a43f3b298f4edf11fc23d0b990eaf6667c	127697	maniqui, fuente de la receta seedream
mover	public/images/productos/fotos-chinitas2026/WhatsApp Image 2026-08-07 at 2.25.13 PM.jpeg	media/fuente/chinas-maniqui-2026-08-07/2026-08-07_142513.jpg	54d047061d6760c3fa725f6a327a580f523761d146fff8b06f39c7b6d041499e	133812	maniqui, fuente de la receta seedream
mover	public/images/productos/fotos-chinitas2026/WhatsApp Image 2026-08-07 at 2.25.14 PM (2).jpeg	media/fuente/chinas-maniqui-2026-08-07/2026-08-07_142514-2.jpg	3276c245aae51787f8f65227f31af8160244aa9c6cfbc691ddf8bcc7cb8ce11b	127212	maniqui, fuente de la receta seedream
mover	public/images/productos/fotos-chinitas2026/WhatsApp Image 2026-08-07 at 2.25.14 PM.jpeg	media/fuente/chinas-maniqui-2026-08-07/2026-08-07_142514.jpg	6942043997d2f5a5378ef3d62bf851a63f85318aad97263de281133af0c95bc8	146249	maniqui, fuente de la receta seedream
mover	public/images/productos/fotos-chinitas2026/WhatsApp Image 2026-08-07 at 2.25.15 PM (1).jpeg	media/fuente/chinas-maniqui-2026-08-07/2026-08-07_142515-1.jpg	589bb40803f5f0a83db37b50489306d4d771229ccc3a6e41b48263b643cc1767	129663	maniqui, fuente de la receta seedream
mover	public/images/productos/fotos-chinitas2026/WhatsApp Image 2026-08-07 at 2.25.15 PM.jpeg	media/fuente/chinas-maniqui-2026-08-07/2026-08-07_142515.jpg	ae7a7fbcd7c970a971a8f72d0ace4eae9742a422084c99401d3243143cc20f5a	144778	maniqui, fuente de la receta seedream
mover	public/images/productos/fotos-chinitas2026/WhatsApp Image 2026-08-07 at 2.25.16 PM.jpeg	media/fuente/chinas-maniqui-2026-08-07/2026-08-07_142516.jpg	abeec8e282a4e91de4b076319d18f1753b0533273e618f452967ade9ea80daf4	130335	maniqui, fuente de la receta seedream
mover	public/images/productos/fotos-local2026/WhatsApp Image 2026-08-20 at 1.50.45 PM (1).jpeg	media/fuente/prendas-local-2026-08-20/2026-08-20_135045-1.jpg	da3b333b4bc703f06070de80f5d806dd8d11ea7aaefe9970b0bfe7a7bcba6c18	85546	prendas del local, referencia de la temporada
mover	public/images/productos/fotos-local2026/WhatsApp Image 2026-08-20 at 1.50.45 PM (2).jpeg	media/fuente/prendas-local-2026-08-20/2026-08-20_135045-2.jpg	25abdf7402d540f0dd45f8aa34a97f9325a84e3dcfa9edf80688e0eb3b141203	84227	prendas del local, referencia de la temporada
mover	public/images/productos/fotos-local2026/WhatsApp Image 2026-08-20 at 1.50.45 PM (3).jpeg	media/fuente/prendas-local-2026-08-20/2026-08-20_135045-3.jpg	faee5d4e31511251a0595b4fea1ce73c1249992ff66b50646ee31e3a15efe1ef	81735	prendas del local, referencia de la temporada
mover	public/images/productos/fotos-local2026/WhatsApp Image 2026-08-20 at 1.50.45 PM.jpeg	media/fuente/prendas-local-2026-08-20/2026-08-20_135045.jpg	1d19ccc4a5568fd314bb1887f926d29c3ff3611ff321eaa44fca2b9ff726de6f	80139	prendas del local, referencia de la temporada
mover	public/images/productos/fotos-local2026/WhatsApp Image 2026-08-20 at 1.54.21 PM.jpeg	media/fuente/prendas-local-2026-08-20/2026-08-20_135421.jpg	06885877492df449f227b81b041a2fd5080dcb8d082a94c83b5960c4fbcb5c29	83152	prendas del local, referencia de la temporada
mover	public/images/productos/fotos-local2026/WhatsApp Image 2026-08-20 at 1.54.22 PM (1).jpeg	media/fuente/prendas-local-2026-08-20/2026-08-20_135422-1.jpg	8c9bf377512484881c250d29ce1133dba3ad341b296c67945f6b7e102bf96e7f	123798	prendas del local, referencia de la temporada
mover	public/images/productos/fotos-local2026/WhatsApp Image 2026-08-20 at 1.54.22 PM (2).jpeg	media/fuente/prendas-local-2026-08-20/2026-08-20_135422-2.jpg	9cb178edf4c8b54d9b08aa97507cf114c765094f339b5681e283b34aa287d55e	83757	prendas del local, referencia de la temporada
mover	public/images/productos/fotos-local2026/WhatsApp Image 2026-08-20 at 1.54.22 PM.jpeg	media/fuente/prendas-local-2026-08-20/2026-08-20_135422.jpg	6779c2cc70633d09ce01d0d52437028b0538d282e6e1a9c3d3c1b1e61c967277	95150	prendas del local, referencia de la temporada
mover	public/images/productos/fotos-local2026/WhatsApp Image 2026-08-20 at 1.55.14 PM (1).jpeg	media/fuente/prendas-local-2026-08-20/2026-08-20_135514-1.jpg	9bbe0f73a006d1b81043de0d1093183e02fb297194b53aa05df701a447a575dc	113816	prendas del local, referencia de la temporada
mover	public/images/productos/fotos-local2026/WhatsApp Image 2026-08-20 at 1.55.14 PM.jpeg	media/fuente/prendas-local-2026-08-20/2026-08-20_135514.jpg	60ca7abd4b4d7844df7d3d338ebe5d7d03fc7cf0823b1b950a839ea59b545cce	138685	prendas del local, referencia de la temporada
mover	public/images/productos/fotos-local2026/WhatsApp Image 2026-08-20 at 1.55.15 PM.jpeg	media/fuente/prendas-local-2026-08-20/2026-08-20_135515.jpg	d04a4f67f8bd98666ad2d75c4ed3ff49bfd338fcf9afe0d911abc15894f73570	131010	prendas del local, referencia de la temporada
mover	public/images/productos/fotos-local2026/WhatsApp Image 2026-08-20 at 1.58.17 PM.jpeg	media/fuente/prendas-local-2026-08-20/2026-08-20_135817.jpg	ebbf7d5b1d6b7bf32902fd8f07099b70e51b7ac2fa426531801b2c93ce47af46	112229	prendas del local, referencia de la temporada
mover	public/images/productos/fotos-local2026/WhatsApp Image 2026-08-20 at 1.58.18 PM.jpeg	media/fuente/prendas-local-2026-08-20/2026-08-20_135818.jpg	2346d48e41eb356f91799e19a1c14ac47ce87edb0c7ce76d334596583884dfd5	122209	prendas del local, referencia de la temporada
mover	public/images/productos/fotos-local2026/WhatsApp Image 2026-08-20 at 1.58.18 PM2.jpeg	media/fuente/prendas-local-2026-08-20/2026-08-20_135818-p2.jpg	875ac9ff4f68496962ce9b1c82de32200ebc7d26e15be42504883704d44847ab	136976	prendas del local, referencia de la temporada
mover	public/images/productos/fotos-local2026/WhatsApp Image 2026-08-20 at 1.58.19 PM.jpeg	media/fuente/prendas-local-2026-08-20/2026-08-20_135819.jpg	532e27e3b48adf9d7e1eaf77864299b1022d82f0d0ffa73a898ffa23978e26c7	85089	prendas del local, referencia de la temporada
mover	public/images/productos/fotos-local2026/WhatsApp Image 2026-08-20 at 1.58.19 PM2.jpeg	media/fuente/prendas-local-2026-08-20/2026-08-20_135819-p2.jpg	d2d0ea44e9a85a09fe5c784c89168b8300e3c07ce5342fb239951bfa9d7594f0	94684	prendas del local, referencia de la temporada
mover	public/images/productos/fotos-local2026/WhatsApp Image 2026-08-20 at 1.58.20 PM.jpeg	media/fuente/prendas-local-2026-08-20/2026-08-20_135820.jpg	239656a12ee5cf3a4d0cd869f7e11e68d1831e55c508b8f32d4d03a1ec56cec5	88091	prendas del local, referencia de la temporada
mover	public/images/productos/fotos-local2026/WhatsApp Image 2026-08-20 at 1.58.20 PM11.jpeg	media/fuente/prendas-local-2026-08-20/2026-08-20_135820-p11.jpg	075a65827c2222cb83c3baee11a6b6ea4fafea6ce29eac98752f64cad9b0d0d6	91940	prendas del local, referencia de la temporada
mover	public/images/productos/fotos-local2026/WhatsApp Image 2026-08-20 at 1.59.59 PM (1).jpeg	media/fuente/prendas-local-2026-08-20/2026-08-20_135959-1.jpg	11777b95171cba5e45db3762879503ad64d88d360e7d00fe8939cda01d1d7753	87561	prendas del local, referencia de la temporada
mover	public/images/productos/fotos-local2026/WhatsApp Image 2026-08-20 at 1.59.59 PM (2).jpeg	media/fuente/prendas-local-2026-08-20/2026-08-20_135959-2.jpg	19f03b8ea0678a8d79dd29ab362e37dc25af559572823afe2791d28d71832582	97515	prendas del local, referencia de la temporada
mover	public/images/productos/fotos-local2026/WhatsApp Image 2026-08-20 at 1.59.59 PM.jpeg	media/fuente/prendas-local-2026-08-20/2026-08-20_135959.jpg	9e5842b12d1ea04444896452712fd09a25bad3e6bf644c5b15ca501254f6e65d	98867	prendas del local, referencia de la temporada
mover	public/images/productos/fotos-local2026/WhatsApp Image 2026-08-20 at 2.00.00 PM.jpeg	media/fuente/prendas-local-2026-08-20/2026-08-20_140000.jpg	00d8d62e2f2eeb4351fc6f5296e5958b96bfb0b6a353b582ce4f898eff6b944a	96352	prendas del local, referencia de la temporada
mover	public/images/productos/fotos-local2026/WhatsApp Image 2026-08-20 at 2.09.57 PM.jpeg	media/fuente/prendas-local-2026-08-20/2026-08-20_140957.jpg	fc99f3a711487c5228c1480ab4107d838263f9a05d56f1e5cd23a04592c6b6b5	75785	prendas del local, referencia de la temporada
mover	public/images/productos/fotos-local2026/WhatsApp Image 2026-08-20 at 2.09.58 PM (1).jpeg	media/fuente/prendas-local-2026-08-20/2026-08-20_140958-1.jpg	4d825c0730f44460235b499b7a96b6fc6fee6827e0bc7763523de28e3f3ece60	84228	prendas del local, referencia de la temporada
mover	public/images/productos/fotos-local2026/WhatsApp Image 2026-08-20 at 2.09.58 PM (2).jpeg	media/fuente/prendas-local-2026-08-20/2026-08-20_140958-2.jpg	767111130b4e27f0b077dc36a78e93a21a5a72006fd3d44d5d0e0dc7852d8ed0	94119	prendas del local, referencia de la temporada
mover	public/images/productos/fotos-local2026/WhatsApp Image 2026-08-20 at 2.09.58 PM (3).jpeg	media/fuente/prendas-local-2026-08-20/2026-08-20_140958-3.jpg	e3a788c41d2faf5eeaec716f678773f38354085e6854ae8409330b7dbb2802c7	114304	prendas del local, referencia de la temporada
mover	public/images/productos/fotos-local2026/WhatsApp Image 2026-08-20 at 2.09.58 PM.jpeg	media/fuente/prendas-local-2026-08-20/2026-08-20_140958.jpg	faee59b061199e0150d2c7178e6d94f5613125065591da61465006c99fa10af6	92176	prendas del local, referencia de la temporada
mover	public/images/productos/fotos-local2026/WhatsApp Image 2026-08-20 at 2.09.59 PM.jpeg	media/fuente/prendas-local-2026-08-20/2026-08-20_140959.jpg	e9f7d6965c73782f010a19afb4ff744a364d06cbbd9c859c2c0b07744debb291	98175	prendas del local, referencia de la temporada
mover	public/images/productos/fotos-local2026/WhatsApp Image 2026-08-20 at 2.13.13 PM.jpeg	media/fuente/prendas-local-2026-08-20/2026-08-20_141313.jpg	86910595f95c79eddace28aed47f65b1988d762ca6b74da50cac877c323cd8c4	100197	prendas del local, referencia de la temporada
mover	public/images/productos/fotos-local2026/WhatsApp Image 2026-08-20 at 2.13.14 PM.jpeg	media/fuente/prendas-local-2026-08-20/2026-08-20_141314.jpg	ed945fd4face88d5308bea113264fb991f31800902643924b954494f83fe84b4	76780	prendas del local, referencia de la temporada
mover	public/images/productos/fotos-local2026/WhatsApp Image 2026-08-20 at 2.13.15 PM (1).jpeg	media/fuente/prendas-local-2026-08-20/2026-08-20_141315-1.jpg	b2d8b87447491b390c8042c48b98a7617e7ca9e915d08481d04ddeb5a34bc866	75898	prendas del local, referencia de la temporada
mover	public/images/productos/fotos-local2026/WhatsApp Image 2026-08-20 at 2.13.15 PM.jpeg	media/fuente/prendas-local-2026-08-20/2026-08-20_141315.jpg	185dec8c09ce3a4e0bd5eb4e4c76171fb5edb62ae1ebfd647ac1d50cd3b8907c	87969	prendas del local, referencia de la temporada
mover	public/images/productos/fotos-local2026/WhatsApp Image 2026-08-20 at 2.13.16 PM (1).jpeg	media/fuente/prendas-local-2026-08-20/2026-08-20_141316-1.jpg	1016ba7d14361d7fd714374c0c0ef176cb83a3d49a4e0e3a00d81ef590f545ba	70382	prendas del local, referencia de la temporada
mover	public/images/productos/fotos-local2026/WhatsApp Image 2026-08-20 at 2.13.16 PM.jpeg	media/fuente/prendas-local-2026-08-20/2026-08-20_141316.jpg	fc04b66595ca90db428cbe20bc95f5ee02908aaf50a2797f27b26e860fe76b63	62991	prendas del local, referencia de la temporada
mover	public/images/productos/fotos-local2026/WhatsApp Image 2026-08-20 at 2.13.17 PM.jpeg	media/fuente/prendas-local-2026-08-20/2026-08-20_141317.jpg	4594863ea3a1177aa1bbb90bb8fb395a312ee9412ee2ece337dc8db5e079a8b0	64016	prendas del local, referencia de la temporada
mover	public/images/productos/fotos-local2026/WhatsApp Image 2026-08-20 at 2.16.12 PM (1).jpeg	media/fuente/prendas-local-2026-08-20/2026-08-20_141612-1.jpg	52f81c93782ec5bb2f42989e23295d2f8fd491f4798bd64328faf32bd29c628f	78090	prendas del local, referencia de la temporada
mover	public/images/productos/fotos-local2026/WhatsApp Image 2026-08-20 at 2.16.12 PM.jpeg	media/fuente/prendas-local-2026-08-20/2026-08-20_141612.jpg	ea15f5666121af681dfbb11463a2e7ce596cae28618b35660546a361dbc1121f	60914	prendas del local, referencia de la temporada
mover	public/images/productos/fotos-local2026/WhatsApp Image 2026-08-20 at 2.16.13 PM (1).jpeg	media/fuente/prendas-local-2026-08-20/2026-08-20_141613-1.jpg	f473b6a956e41954964b28b09e9ab6af60db28b490517e3360be0fbed58b5bed	64858	prendas del local, referencia de la temporada
mover	public/images/productos/fotos-local2026/WhatsApp Image 2026-08-20 at 2.16.13 PM (2).jpeg	media/fuente/prendas-local-2026-08-20/2026-08-20_141613-2.jpg	a52a6e345d2fb3aea24f4fd7ecddf632b878ad39e1e6c2514baac6da452e24e9	62875	prendas del local, referencia de la temporada
mover	public/images/productos/fotos-local2026/WhatsApp Image 2026-08-20 at 2.16.13 PM (3).jpeg	media/fuente/prendas-local-2026-08-20/2026-08-20_141613-3.jpg	212e4a253fc946e788e77cec30ea2a4a94261bc1584aab04067f697b6c57f25a	76218	prendas del local, referencia de la temporada
mover	public/images/productos/fotos-local2026/WhatsApp Image 2026-08-20 at 2.16.13 PM.jpeg	media/fuente/prendas-local-2026-08-20/2026-08-20_141613.jpg	d4dfb7483266e0c297ce90cc3b8737d0a4ea22cd2b0e5037c8be7b17e876ce92	58561	prendas del local, referencia de la temporada
mover	public/images/productos/fotos-local2026/WhatsApp Image 2026-08-20 at 2.16.14 PM.jpeg	media/fuente/prendas-local-2026-08-20/2026-08-20_141614.jpg	eb5d8f56dc83a06424e3082b5eadb1fd7fdb45952427f53d6698f3969bd14006	53068	prendas del local, referencia de la temporada
mover	public/images/productos/fotos-local2026/WhatsApp Image 2026-08-20 at 2.22.33 PM.jpeg	media/fuente/prendas-local-2026-08-20/2026-08-20_142233.jpg	5f4031b05436744ae6634ff73fddd58a60ec8023345ca84ce0cfd6e888ced332	54810	prendas del local, referencia de la temporada
mover	public/images/productos/fotos-local2026/WhatsApp Image 2026-08-20 at 2.22.35 PM.jpeg	media/fuente/prendas-local-2026-08-20/2026-08-20_142235.jpg	5e70af3a5d4d3ea2a90e5b5842b2c15053bf570a92c64632bad91b8b298be4b2	59259	prendas del local, referencia de la temporada
mover	public/images/productos/fotos-local2026/WhatsApp Image 2026-08-20 at 2.22.38 PM.jpeg	media/fuente/prendas-local-2026-08-20/2026-08-20_142238.jpg	ae3dc5d5cf35d90794669fed2d3011ec36b84d97b7660221ce183b2954427503	58030	prendas del local, referencia de la temporada
mover	public/images/productos/fotos-local2026/WhatsApp Image 2026-08-20 at 2.22.40 PM (1).jpeg	media/fuente/prendas-local-2026-08-20/2026-08-20_142240-1.jpg	42196b42f6e3659f30408598d4878d99b970b282db9cefc2057e1a8b9149f0b3	113876	prendas del local, referencia de la temporada
mover	public/images/productos/fotos-local2026/WhatsApp Image 2026-08-20 at 2.22.40 PM.jpeg	media/fuente/prendas-local-2026-08-20/2026-08-20_142240.jpg	67773df2a1ca59687d52e5f99fd2c168cd461dfef9b5ad727e84737ddeacaaa2	105468	prendas del local, referencia de la temporada
mover	public/images/productos/fotos-local2026/WhatsApp Image 2026-08-20 at 2.22.45 PM.jpeg	media/fuente/prendas-local-2026-08-20/2026-08-20_142245.jpg	db26c0bf26b7602221a7af608e0e618901b04c891f04209eaa9c753f24b137b9	130278	prendas del local, referencia de la temporada
mover	public/images/productos/fotos-local2026/WhatsApp Image 2026-08-20 at 2.22.46 PM.jpeg	media/fuente/prendas-local-2026-08-20/2026-08-20_142246.jpg	8f5b6b4905c8d58e8307956c59923b998d969b404b16625a9acfd4b228a4e39b	105206	prendas del local, referencia de la temporada
mover	public/images/productos/fotos-local2026/WhatsApp Image 2026-08-20 at 2.22.49 PM.jpeg	media/fuente/prendas-local-2026-08-20/2026-08-20_142249.jpg	a9bc285233c55d33f28039ca0914268052d6924d09246d6b06202d0cbd0ecbe3	94749	prendas del local, referencia de la temporada
mover	public/images/productos/fotos-local2026/WhatsApp Image 2026-08-20 at 2.22.53 PM.jpeg	media/fuente/prendas-local-2026-08-20/2026-08-20_142253.jpg	2a8bb6b6df465c09f8326b70653b6ba0be55d6b44db5d5ec5c6b24c3ccdf9934	118106	prendas del local, referencia de la temporada
mover	public/images/productos/fotos-local2026/WhatsApp Image 2026-08-20 at 2.22.54 PM.jpeg	media/fuente/prendas-local-2026-08-20/2026-08-20_142254.jpg	76f45dcf0c4f539a2287991945ed70f451f77a936d60f703229b1e04d68ac477	94336	prendas del local, referencia de la temporada
mover	public/images/productos/fotos-local2026/WhatsApp Image 2026-08-20 at 2.22.56 PM.jpeg	media/fuente/prendas-local-2026-08-20/2026-08-20_142256.jpg	8a0a2630306241fa0d0256b55d8f8009516823fa909f405ca8f78465e733bf49	101873	prendas del local, referencia de la temporada
mover	public/images/productos/fotos-local2026/WhatsApp Image 2026-08-20 at 2.41.56 PM.jpeg	media/fuente/prendas-local-2026-08-20/2026-08-20_144156.jpg	4a00b451e3f407ccf3237368b0b2694b25ba4d351b0910a9592de7aafe001cfe	174008	prendas del local, referencia de la temporada
mover	public/images/productos/fotos-local2026/WhatsApp Image 2026-08-20 at 2.42.23 PM.jpeg	media/fuente/prendas-local-2026-08-20/2026-08-20_144223.jpg	a90f353efac201c932ab79545a4fda89d154c62132e47fa879ab92a2e3fe3beb	196248	prendas del local, referencia de la temporada
mover	public/images/productos/fotos-local2026/WhatsApp Image 2026-08-20 at 2.42.24 PM (1).jpeg	media/fuente/prendas-local-2026-08-20/2026-08-20_144224-1.jpg	ec5b25481ed598105d5b5c67adae6ffb15e73576f13ccb156564c7609182c773	201305	prendas del local, referencia de la temporada
mover	public/images/productos/fotos-local2026/WhatsApp Image 2026-08-20 at 2.42.24 PM.jpeg	media/fuente/prendas-local-2026-08-20/2026-08-20_144224.jpg	68dc2aefea7944ed77e1a80c7126f4bc5f094812af143563e30b56fc0a718aa2	169183	prendas del local, referencia de la temporada
mover	public/images/productos/fotos-local2026/WhatsApp Image 2026-08-20 at 2.42.25 PM (1).jpeg	media/fuente/prendas-local-2026-08-20/2026-08-20_144225-1.jpg	1ccb19659907b3dc41f7c4875e89e1d0a20471618973cbca5ebb07f6c08f7538	85838	prendas del local, referencia de la temporada
mover	public/images/productos/fotos-local2026/WhatsApp Image 2026-08-20 at 2.42.25 PM.jpeg	media/fuente/prendas-local-2026-08-20/2026-08-20_144225.jpg	cd6cd3ed09b6b4f5ecf04f0bac7db893560c6384c6f6720b173d32e2fafe9961	95890	prendas del local, referencia de la temporada
mover	public/images/productos/fotos-local2026/WhatsApp Image 2026-08-20 at 2.42.53 PM.jpeg	media/fuente/prendas-local-2026-08-20/2026-08-20_144253.jpg	0c9ae5cae0538e3fd00a928a3549ec944536a9fd353ea747cc6004f2b4cede54	63055	prendas del local, referencia de la temporada
mover	public/images/productos/fotos-local2026/WhatsApp Image 2026-08-20 at 2.42.54 PM.jpeg	media/fuente/prendas-local-2026-08-20/2026-08-20_144254.jpg	e4e610d730e384623893f329eadc4633aeade60a6543e9a7573c2b3350c71133	77836	prendas del local, referencia de la temporada
mover	public/images/productos/fotos-local2026/WhatsApp Image 2026-08-20 at 2.42.55 PM.jpeg	media/fuente/prendas-local-2026-08-20/2026-08-20_144255.jpg	541e633e0b88aa54e003279966d72a89a9f5a7f1c5d6171725cb53a6e6a4d3f3	57968	prendas del local, referencia de la temporada
mover	public/images/productos/fotos-local2026/WhatsApp Image 2026-08-20 at 2.42.56 PM (1).jpeg	media/fuente/prendas-local-2026-08-20/2026-08-20_144256-1.jpg	00bd291f47d4270e6fe22fee19bc121e29f2eebd20e514f77d3f2db75fdb8596	59263	prendas del local, referencia de la temporada
mover	public/images/productos/fotos-local2026/WhatsApp Image 2026-08-20 at 2.42.56 PM.jpeg	media/fuente/prendas-local-2026-08-20/2026-08-20_144256.jpg	4cb00ecc406dde286c0910b16d402340e27794b92f6a2d8d8db8be08f59dc872	66138	prendas del local, referencia de la temporada
mover	public/images/productos/fotos-local2026/WhatsApp Image 2026-08-20 at 2.42.58 PM.jpeg	media/fuente/prendas-local-2026-08-20/2026-08-20_144258.jpg	3ad207a9386f346c1a755e1a63791d236b0b01d4eadaccbd0853b7875613a868	152674	prendas del local, referencia de la temporada
mover	public/images/productos/fotos-local2026/WhatsApp Image 2026-08-20 at 2.43.01 PM.jpeg	media/fuente/prendas-local-2026-08-20/2026-08-20_144301.jpg	ce011a920f079280242d77a01cb97c21eed082658146360b36eee1b4e9a3ff49	78951	prendas del local, referencia de la temporada
mover	public/images/productos/fotos-local2026/WhatsApp Image 2026-08-20 at 2.51.41 PM.jpeg	media/fuente/prendas-local-2026-08-20/2026-08-20_145141.jpg	f281fe3d5260f2c15fa80ed561885ef033870e47a5a7608a5234fa72cf47b8a9	55152	prendas del local, referencia de la temporada
mover	marketing/clips-higgsfield/video-historias/WhatsApp Video 2026-08-27 at 1.55.41 PM.mp4	media/fuente/tienda-video-2026-08-27/2026-08-27_135541.mp4	d7693039e2bc816cb453de30e94c749c70927029c9c3196dc370cfeafe15a280	1255805	video real de la tienda
mover	marketing/clips-higgsfield/video-historias/WhatsApp Video 2026-08-27 at 1.56.17 PM.mp4	media/fuente/tienda-video-2026-08-27/2026-08-27_135617.mp4	9b6f975e8a91b907727fe58722c8e844dc79a80a09475d0bf6f118565efe689c	2679468	video real de la tienda
mover	marketing/clips-higgsfield/video-historias/WhatsApp Video 2026-08-27 at 1.56.24 PM.mp4	media/fuente/tienda-video-2026-08-27/2026-08-27_135624.mp4	57844b38694dc84766b83ce6e58cf242c629a3b843f4be9cad4f0b6d5d4d7729	2756687	video real de la tienda
borrar-duplicado	marketing/clips-higgsfield/catalogo/abrigo-damasco-1.png	public/images/productos/catalogo-2026/abrigo-damasco-1.png	01c6cecd989c38fd7f864f11dba703ba4d6e48a4448653759ad8787a148233fd	8086857	copia identica del catalogo publicado
borrar-duplicado	marketing/clips-higgsfield/catalogo/abrigo-damasco-2-bolsillos.png	public/images/productos/catalogo-2026/abrigo-damasco-2-bolsillos.png	d7e2ec368b5da3f758a99b0ba10ed4941ed0d1fc9899bc584065d9016b77c4f7	8189467	copia identica del catalogo publicado
borrar-duplicado	marketing/clips-higgsfield/catalogo/abrigo-damasco-3-cuello.png	public/images/productos/catalogo-2026/abrigo-damasco-3-cuello.png	8e663b14de6f805dc54770ddf22c89ad2d560d88b8b923ebd47e3aa5d4d2ad51	7948008	copia identica del catalogo publicado
borrar-duplicado	marketing/clips-higgsfield/catalogo/blanco-negro-1.png	public/images/productos/catalogo-2026/blanco-negro-1.png	2fc22e3e3dd7bd437811d08962eb440bd270c76ab677b702241a0e267af8e09d	7159584	copia identica del catalogo publicado
borrar-duplicado	marketing/clips-higgsfield/catalogo/blanco-negro-2-cadera.png	public/images/productos/catalogo-2026/blanco-negro-2-cadera.png	2211b11bcf42054134ad24e0d7a6a71d2162e83744aca8981f006737150e27fb	7116017	copia identica del catalogo publicado
borrar-duplicado	marketing/clips-higgsfield/catalogo/blanco-negro-3-hombro.png	public/images/productos/catalogo-2026/blanco-negro-3-hombro.png	f16cf2bf7168b9915aa516fbe67ee7a90d4cb9ce29287f6f58de18ff1423c418	6985399	copia identica del catalogo publicado
borrar-duplicado	marketing/clips-higgsfield/catalogo/blusa-1-puno.png	public/images/productos/catalogo-2026/blusa-1-puno.png	c17605afc469f049fbb311f22e08e830824a9c6a1621e0012681fb6774bf9150	6205432	copia identica del catalogo publicado
borrar-duplicado	marketing/clips-higgsfield/catalogo/blusa-2-cadera.png	public/images/productos/catalogo-2026/blusa-2-cadera.png	6b68cc26cc426f0f45259706bda817a0ce908b3be856d598d2f67f8b6e1eb35e	6160747	copia identica del catalogo publicado
borrar-duplicado	marketing/clips-higgsfield/catalogo/blusa-3-perfil.png	public/images/productos/catalogo-2026/blusa-3-perfil.png	164ae6c32b40b359b9b2b085f2c60ed8ef6137e6adf884cc2cf0cb40ac085a35	5445331	copia identica del catalogo publicado
borrar-duplicado	marketing/clips-higgsfield/catalogo/china-azul-rey-1-panuelo.png	public/images/productos/catalogo-2026/china-azul-rey-1-panuelo.png	c502d534ef4c1be2a0e86b2e42ab6ba2f8ff0dc7d8ddbacea0aac5fb75325291	7610305	copia identica del catalogo publicado
borrar-duplicado	marketing/clips-higgsfield/catalogo/china-azul-rey-2-vuelta.png	public/images/productos/catalogo-2026/china-azul-rey-2-vuelta.png	7a3c7c78b4c7c5da0e1ac3b364de94d234c9aefbc1cc43c2800071465c5b5fda	7454203	copia identica del catalogo publicado
borrar-duplicado	marketing/clips-higgsfield/catalogo/china-azul-rey-3-zapateo.png	public/images/productos/catalogo-2026/china-azul-rey-3-zapateo.png	34660a99f24857baa961eaa1966162e9032ff3631c9bb17a2ccc0c089ac872fa	7882487	copia identica del catalogo publicado
borrar-duplicado	marketing/clips-higgsfield/catalogo/china-fucsia-1-panuelo.png	public/images/productos/catalogo-2026/china-fucsia-1-panuelo.png	d2d6e8cf0128eebba195fb4eef7e8a920763a9542f10bd30a93640f1ac37f4ef	7164675	copia identica del catalogo publicado
borrar-duplicado	marketing/clips-higgsfield/catalogo/china-fucsia-2-vuelta.png	public/images/productos/catalogo-2026/china-fucsia-2-vuelta.png	7ac98ee1d1ecf202cd30c2f4d257667cc1ae57f866083e034e98525bc209d4b8	7317982	copia identica del catalogo publicado
borrar-duplicado	marketing/clips-higgsfield/catalogo/china-fucsia-3-zapateo.png	public/images/productos/catalogo-2026/china-fucsia-3-zapateo.png	c4967240e582ba94b9d6bb2f6c7b730fe0a7ec0876f8741f91ef13de76760327	7667436	copia identica del catalogo publicado
borrar-duplicado	marketing/clips-higgsfield/catalogo/china-negro-flores-1-panuelo.png	public/images/productos/catalogo-2026/china-negro-flores-1-panuelo.png	64b5b3f88699866a81c5fc72f247b080e47c43f4e6650fa66e30036a948fa760	7319728	copia identica del catalogo publicado
borrar-duplicado	marketing/clips-higgsfield/catalogo/china-negro-flores-2-vuelta.png	public/images/productos/catalogo-2026/china-negro-flores-2-vuelta.png	e2c42ee991e510a208b7c3df2435166fadac189e7f338899cd09295a8a8a5064	7088342	copia identica del catalogo publicado
borrar-duplicado	marketing/clips-higgsfield/catalogo/china-negro-flores-3-zapateo - copia.png	public/images/productos/catalogo-2026/china-negro-flores-3-zapateo.png	41d54f6e198ddaaa0f1f02c0afffb4b1a18cfb9285648249516209953ea228dc	7492385	copia identica del catalogo publicado
borrar-duplicado	marketing/clips-higgsfield/catalogo/china-negro-flores-3-zapateo.png	public/images/productos/catalogo-2026/china-negro-flores-3-zapateo.png	41d54f6e198ddaaa0f1f02c0afffb4b1a18cfb9285648249516209953ea228dc	7492385	copia identica del catalogo publicado
borrar-duplicado	marketing/clips-higgsfield/catalogo/china-roja-hojas-1-panuelo.png	public/images/productos/catalogo-2026/china-roja-hojas-1-panuelo.png	b56534eda5c1111d8a62408cfeffaec68d8aed0a3453a356c4cecd04217dd62b	6938865	copia identica del catalogo publicado
borrar-duplicado	marketing/clips-higgsfield/catalogo/china-roja-hojas-2-vuelta.png	public/images/productos/catalogo-2026/china-roja-hojas-2-vuelta.png	237d78c538d794efdf53dd3c01e56c5638eb062ad17c24b715523bd4e9237644	7213052	copia identica del catalogo publicado
borrar-duplicado	marketing/clips-higgsfield/catalogo/china-roja-hojas-3-zapateo.png	public/images/productos/catalogo-2026/china-roja-hojas-3-zapateo.png	c34e8530b5ea49f334d8fc40d172b5d52f34dcfa6a57f2e4ca2ab83250e70f73	7331170	copia identica del catalogo publicado
borrar-duplicado	marketing/clips-higgsfield/catalogo/crema-blazer-1-frente.png	public/images/productos/catalogo-2026/crema-blazer-1-frente.png	c8477090bfb5f05a127d9135ef5a21fabbc4b71bc8095a09cfb0b281b223ae3e	6722274	copia identica del catalogo publicado
borrar-duplicado	marketing/clips-higgsfield/catalogo/crema-blazer-2-cadera.png	public/images/productos/catalogo-2026/crema-blazer-2-cadera.png	204c208ffc8001c98d630dcae356a9d0f623e215165d09ff512c9b0c53c01b5a	6639960	copia identica del catalogo publicado
borrar-duplicado	marketing/clips-higgsfield/catalogo/crema-blazer-3-paso.png	public/images/productos/catalogo-2026/crema-blazer-3-paso.png	20b172e5b401b63f92932e13eebfd0051314b47b3e20fabf39fe05e30bd842aa	6333667	copia identica del catalogo publicado
borrar-duplicado	marketing/clips-higgsfield/catalogo/crema-encaje-1-frente.png	public/images/productos/catalogo-2026/crema-encaje-1-frente.png	bde7a9b7ccf935926205f9f275640adfb5a3f365f76ff37676bf17f19cec6069	6683260	copia identica del catalogo publicado
borrar-duplicado	marketing/clips-higgsfield/catalogo/crema-encaje-2-cintura.png	public/images/productos/catalogo-2026/crema-encaje-2-cintura.png	aa3c262ba08a50ae23ed3d5d4d3c811be00fe70fb16cbce574ba2c5006492e01	6636762	copia identica del catalogo publicado
borrar-duplicado	marketing/clips-higgsfield/catalogo/crema-encaje-3-giro.png	public/images/productos/catalogo-2026/crema-encaje-3-giro.png	5842ce72519ac05adb4c2937c052ec11bd67e2744b7a5cfc75c954dc6914ae7f	6573121	copia identica del catalogo publicado
borrar-duplicado	marketing/clips-higgsfield/catalogo/enagua-cancan-1.png	public/images/productos/catalogo-2026/enagua-cancan-1.png	1c184bcafd8192cc8fc4c33f04c9acb807de2fe7aee059d56fa95191908068f0	7453927	copia identica del catalogo publicado
borrar-duplicado	marketing/clips-higgsfield/catalogo/flores-jumper-1-frente.png	public/images/productos/catalogo-2026/flores-jumper-1-frente.png	a4f230ceb5b3162a6cd4684b2f0a2cb45d7d2086d0831cd6f2523c8fc8916a43	7379416	copia identica del catalogo publicado
borrar-duplicado	marketing/clips-higgsfield/catalogo/flores-jumper-2-cadera.png	public/images/productos/catalogo-2026/flores-jumper-2-cadera.png	3b4a94cc19552b7c494c73f5268bd8c220105188129f31a17995014e72f161ec	6917026	copia identica del catalogo publicado
borrar-duplicado	marketing/clips-higgsfield/catalogo/flores-jumper-3-giro.png	public/images/productos/catalogo-2026/flores-jumper-3-giro.png	884dbe42b8c11e0b8f614752f92da01e770cab52d1b280e046f27ba60b6767e9	7201391	copia identica del catalogo publicado
borrar-duplicado	marketing/clips-higgsfield/catalogo/geometrico-1-frente.png	public/images/productos/catalogo-2026/geometrico-1-frente.png	1f721271c8c0ea3af6c5bb6aae66e478b01550bc29988065fbed9c33b975a167	6838102	copia identica del catalogo publicado
borrar-duplicado	marketing/clips-higgsfield/catalogo/geometrico-2-cintura.png	public/images/productos/catalogo-2026/geometrico-2-cintura.png	264e1b257b96a75128269207606df98cce484f8d87dc166417d274f2257b38df	6930155	copia identica del catalogo publicado
borrar-duplicado	marketing/clips-higgsfield/catalogo/geometrico-3-giro.png	public/images/productos/catalogo-2026/geometrico-3-giro.png	25774623a429005b797a1786d261a762b3f7b4b7353a2fdbc89860787abb6b18	7328070	copia identica del catalogo publicado
borrar-duplicado	marketing/clips-higgsfield/catalogo/geometrico-blazer-1-frente.png	public/images/productos/catalogo-2026/geometrico-blazer-1-frente.png	c1ac4a65449cafb1e73e4e01fabc7ca4d072777eddb452e321d99d3281d693ca	6825110	copia identica del catalogo publicado
borrar-duplicado	marketing/clips-higgsfield/catalogo/geometrico-blazer-2-cadera.png	public/images/productos/catalogo-2026/geometrico-blazer-2-cadera.png	3d3ab6d0f73a0125a2529cb20f02763003e379419afabdfef78e240eece3862a	6878871	copia identica del catalogo publicado
borrar-duplicado	marketing/clips-higgsfield/catalogo/geometrico-blazer-3-paso.png	public/images/productos/catalogo-2026/geometrico-blazer-3-paso.png	f65a2b749d0e230fd7fb2ed63772d02d51a2ea4f59387b0654631c9fcdf2b0d4	6826065	copia identica del catalogo publicado
borrar-duplicado	marketing/clips-higgsfield/catalogo/huasa-formal-1.png	public/images/productos/catalogo-2026/huasa-formal-1.png	d33b5321906e84720dd7ab1a8905ebb7a9aec5dcde82aeb6ef99418675bf288e	6667793	copia identica del catalogo publicado
borrar-duplicado	marketing/clips-higgsfield/catalogo/huasa-formal-2-pose.png	public/images/productos/catalogo-2026/huasa-formal-2-pose.png	2124726a4f564ceffac33f00c6136ed6afae71ff7d05128726fa41fa11574b44	6619148	copia identica del catalogo publicado
borrar-duplicado	marketing/clips-higgsfield/catalogo/huasa-formal-3-costado.png	public/images/productos/catalogo-2026/huasa-formal-3-costado.png	b12ed81be5ee95d22c4df6a278c61220837e1c13711c627b7994fc89949cfea6	6464853	copia identica del catalogo publicado
borrar-duplicado	marketing/clips-higgsfield/catalogo/huasa-formal-4-jabot.png	public/images/productos/catalogo-2026/huasa-formal-4-jabot.png	42812111b115fa17028ee941be85e2071e6b6fe8c32215da071e953e80b66d4d	7117175	copia identica del catalogo publicado
borrar-duplicado	marketing/clips-higgsfield/catalogo/huasa-formal-5-faja.png	public/images/productos/catalogo-2026/huasa-formal-5-faja.png	dc65f30e4057a23dd5845174f5d7031e42af776055617c3124a6333f98d3291f	7817909	copia identica del catalogo publicado
borrar-duplicado	marketing/clips-higgsfield/catalogo/jumper-flores-blanco-1-frente.png	public/images/productos/catalogo-2026/jumper-flores-blanco-1-frente.png	5814945dab6717682e3a3e0f6f30fbce729060e17509322ac94d75e32f11ec06	7182464	copia identica del catalogo publicado
borrar-duplicado	marketing/clips-higgsfield/catalogo/jumper-flores-blanco-2-cadera.png	public/images/productos/catalogo-2026/jumper-flores-blanco-2-cadera.png	6af38120dd9c51c4aa54f65c1b328dc8425d5e3525ae161f005ede03cafe2092	7094179	copia identica del catalogo publicado
borrar-duplicado	marketing/clips-higgsfield/catalogo/jumper-flores-blanco-3-paso.png	public/images/productos/catalogo-2026/jumper-flores-blanco-3-paso.png	5b6cb41933a38fc4ee9fd8043081ee35ec3abdf6a456531d35ed44698bf9a2f0	7109449	copia identica del catalogo publicado
borrar-duplicado	marketing/clips-higgsfield/catalogo/jumper-flores-negro-1-frente.png	public/images/productos/catalogo-2026/jumper-flores-negro-1-frente.png	77ab6924c9126f15c47664bb1a96de7951bdf049f09f93c58128c9641475af75	7143307	copia identica del catalogo publicado
borrar-duplicado	marketing/clips-higgsfield/catalogo/jumper-flores-negro-2-cadera.png	public/images/productos/catalogo-2026/jumper-flores-negro-2-cadera.png	6d0ff5ffe35b398810d318a6a3faa226be00e9c8d65797433b0a05059ae88e62	7085696	copia identica del catalogo publicado
borrar-duplicado	marketing/clips-higgsfield/catalogo/jumper-flores-negro-3-paso.png	public/images/productos/catalogo-2026/jumper-flores-negro-3-paso.png	acdf8de1fc7ad57b9a654d276337745509df8a715f9a27406e2aca1ba524d2cd	7132054	copia identica del catalogo publicado
borrar-duplicado	marketing/clips-higgsfield/catalogo/lila-1.png	public/images/productos/catalogo-2026/lila-1.png	1062e7da3db5dc08995eab472425b671cfc982ef79b5981704b9f83b14db7aba	7325514	copia identica del catalogo publicado
borrar-duplicado	marketing/clips-higgsfield/catalogo/lila-2-falda.png	public/images/productos/catalogo-2026/lila-2-falda.png	c60fa30b8a2fe48c2b8c57e216dc0e918f9f26631f360e86652198285cce2c1f	7675034	copia identica del catalogo publicado
borrar-duplicado	marketing/clips-higgsfield/catalogo/lila-3-giro.png	public/images/productos/catalogo-2026/lila-3-giro.png	c35a82c19ae83cec6326d6795a9b075f210781c9a0fd15bb5571331a1cd7bf40	7529927	copia identica del catalogo publicado
borrar-duplicado	marketing/clips-higgsfield/catalogo/negro-encaje-1-frente.png	public/images/productos/catalogo-2026/negro-encaje-1-frente.png	053288ad080b4dfb89d75f8f533847d34b517d8bb2e263f13c2bf89ce8e2a20b	6804665	copia identica del catalogo publicado
borrar-duplicado	marketing/clips-higgsfield/catalogo/negro-encaje-2-cadera.png	public/images/productos/catalogo-2026/negro-encaje-2-cadera.png	8c893dadc1f84b677802ae33008aabd164913037b38ea4cbd10505ebc934ce74	7110576	copia identica del catalogo publicado
borrar-duplicado	marketing/clips-higgsfield/catalogo/negro-encaje-3-paso.png	public/images/productos/catalogo-2026/negro-encaje-3-paso.png	1d65c665f86f42df75c29680648838f951b5ea3953131d003ec3b4850649e7e3	5956015	copia identica del catalogo publicado
borrar-duplicado	marketing/clips-higgsfield/catalogo/negro-jumper-1-frente.png	public/images/productos/catalogo-2026/negro-jumper-1-frente.png	c4e10eaf3527b54a00e342d3f5dfee696bd2f3b8331a5e9811cccc665ca4a325	6325193	copia identica del catalogo publicado
borrar-duplicado	marketing/clips-higgsfield/catalogo/negro-jumper-2-cadera.png	public/images/productos/catalogo-2026/negro-jumper-2-cadera.png	b7ff432f3f23cd017508b744b9a46b745da1391963c43b7ab7b84ed1f85954e6	6216187	copia identica del catalogo publicado
borrar-duplicado	marketing/clips-higgsfield/catalogo/negro-jumper-3-giro.png	public/images/productos/catalogo-2026/negro-jumper-3-giro.png	05d37ae590717d11f4d654b5e761199e188d3ad1a7645784662b9e964709ab8d	6135495	copia identica del catalogo publicado
borrar-duplicado	marketing/clips-higgsfield/catalogo/rojo-copihue-1.png	public/images/productos/catalogo-2026/rojo-copihue-1.png	e084a96a43e98751cb503ab0647c321cca52447d1284988c4c4c99a65fc7b7bc	7213487	copia identica del catalogo publicado
borrar-duplicado	marketing/clips-higgsfield/catalogo/rojo-copihue-2-vuelo.png	public/images/productos/catalogo-2026/rojo-copihue-2-vuelo.png	311ee539bc27033d162ecc970790f4d8ec641f3a32843a5ebf4a5e17029b366d	7421085	copia identica del catalogo publicado
borrar-duplicado	marketing/clips-higgsfield/catalogo/rojo-copihue-3-relajada.png	public/images/productos/catalogo-2026/rojo-copihue-3-relajada.png	21bb46967ee4a99cdbd830ce0c3c25010600795b915ffb08705f6eac182c8d16	7076777	copia identica del catalogo publicado
borrar-duplicado	marketing/clips-higgsfield/catalogo/rosa-hojas-1-frente.png	public/images/productos/catalogo-2026/rosa-hojas-1-frente.png	b4ae2982bd2ea58ea562f3063567733806ceb47dd01b67767c5928987f27e46d	7840816	copia identica del catalogo publicado
borrar-duplicado	marketing/clips-higgsfield/catalogo/rosa-hojas-2-bolsillo.png	public/images/productos/catalogo-2026/rosa-hojas-2-bolsillo.png	b55b37af17a8845cd34c164422e236a96b361e67e899cdf432632ffc603d9c30	7740917	copia identica del catalogo publicado
borrar-duplicado	marketing/clips-higgsfield/catalogo/rosa-hojas-3-paso.png	public/images/productos/catalogo-2026/rosa-hojas-3-paso.png	12083557104a61b424fb5ac94f27be08017f1f00f96c2460bed127ba218e4e33	7859720	copia identica del catalogo publicado
borrar-duplicado	marketing/clips-higgsfield/catalogo/rosa-hojas-jumper-1-frente.png	public/images/productos/catalogo-2026/rosa-hojas-jumper-1-frente.png	b10ae0abc9325e5ddd7b0c36f0bacf6c2e15780b67dd05981d6d327b4118f338	7922485	copia identica del catalogo publicado
borrar-duplicado	marketing/clips-higgsfield/catalogo/rosa-hojas-jumper-2-cadera.png	public/images/productos/catalogo-2026/rosa-hojas-jumper-2-cadera.png	90b802941c066793164ef30298efe1be304624005b60a9230c81c19aa9c7cd70	7668954	copia identica del catalogo publicado
borrar-duplicado	marketing/clips-higgsfield/catalogo/rosa-hojas-jumper-3-giro.png	public/images/productos/catalogo-2026/rosa-hojas-jumper-3-giro.png	eb8fd730427b9cca42f4bf1a684501031a504421045035cad6cc4b0839132bbc	7862956	copia identica del catalogo publicado
borrar-duplicado	marketing/clips-higgsfield/catalogo/traje-1-bolsillo.png	public/images/productos/catalogo-2026/traje-1-bolsillo.png	58d26d2b356c634e28b5f672a67048fbe303ed380b86754c87d5e12a40da8c77	6337726	copia identica del catalogo publicado
borrar-duplicado	marketing/clips-higgsfield/catalogo/traje-2-boton.png	public/images/productos/catalogo-2026/traje-2-boton.png	cdeaadc2d9cd5ea6ee09dbe8a91b5ec803656f88dd94f4e7fa05bc1f5c1946c1	6338931	copia identica del catalogo publicado
borrar-duplicado	marketing/clips-higgsfield/catalogo/traje-3-tresCuartos.png	public/images/productos/catalogo-2026/traje-3-tresCuartos.png	b8e91cf370575f81039bf96965c615de91a65c7b1cc71dc82132c6e8c37e636b	6046325	copia identica del catalogo publicado
borrar-duplicado	marketing/clips-higgsfield/catalogo/turquesa-1-relajada.png	public/images/productos/catalogo-2026/turquesa-1-relajada.png	f2e61f83b050d0b61340b8462dc24e00a41ede9ecdc411210248151d5a3c0ed0	6683707	copia identica del catalogo publicado
borrar-duplicado	marketing/clips-higgsfield/catalogo/turquesa-2-manga.png	public/images/productos/catalogo-2026/turquesa-2-manga.png	04fe4664d0ca0962ecf5df51a6565b526d004f3c209b5b306b1762a4c0b07395	6520306	copia identica del catalogo publicado
borrar-duplicado	marketing/clips-higgsfield/catalogo/turquesa-3-canto.png	public/images/productos/catalogo-2026/turquesa-3-canto.png	f732904b3e8ea6c9045dfdb7f26c72186ee71488f83d3788013230cabb79b5c7	7034653	copia identica del catalogo publicado
borrar-duplicado	marketing/clips-higgsfield/catalogo/verde-punto-1-brazo.png	public/images/productos/catalogo-2026/verde-punto-1-brazo.png	06f83678807c64064240071b67236f112d97e569ce4686036b20e51739987d22	7220969	copia identica del catalogo publicado
borrar-duplicado	marketing/clips-higgsfield/catalogo/verde-punto-2-paso.png	public/images/productos/catalogo-2026/verde-punto-2-paso.png	aaf825e3f7aa554eb1bf51997d477ac3570811b602062f1c068737cd1c1edbd9	6743520	copia identica del catalogo publicado
borrar-duplicado	marketing/clips-higgsfield/catalogo/verde-punto-3-manga.png	public/images/productos/catalogo-2026/verde-punto-3-manga.png	0aae0901baca9665fcf57582b737f5205a37bd2dbd38d97d4d58c87b80d398dc	7324961	copia identica del catalogo publicado
borrar-duplicado	marketing/clips-higgsfield/catalogo/vestido-dorado-1.png	public/images/productos/catalogo-2026/vestido-dorado-1.png	c58c824cd22e4c7c4a89cd3c3d6f9d772e78e0cd7ea7d697106d14ef6e87dcf4	6943409	copia identica del catalogo publicado
borrar-duplicado	marketing/clips-higgsfield/catalogo/vestido-dorado-2-perfil.png	public/images/productos/catalogo-2026/vestido-dorado-2-perfil.png	cb14bf6dd5651c2763e6a180223245e35bcb44d9a98825aa527b0a67a81825e8	6761220	copia identica del catalogo publicado
borrar-duplicado	marketing/clips-higgsfield/catalogo/vestido-dorado-3-cadera.png	public/images/productos/catalogo-2026/vestido-dorado-3-cadera.png	301c2c902360249af5e133858f3070b88a2459ef3e7f86953f1602435491c15c	6813003	copia identica del catalogo publicado
borrar-duplicado	marketing/clips-higgsfield/carrusel-lila/lila-1.png	public/images/productos/catalogo-2026/lila-1.png	1062e7da3db5dc08995eab472425b671cfc982ef79b5981704b9f83b14db7aba	7325514	copia identica del catalogo publicado
mover	marketing/clips-higgsfield/A-seedream-modelo-plaza.png	media/_archivo/higgsfield-pruebas-2026-08/A-seedream-modelo-plaza.png	07c329494b4d3928de055ed23da73b62273dd200728f5679f8dddcebaf3b6822	6935426	prueba descartada
mover	marketing/clips-higgsfield/B-nano-real-plaza.png	media/_archivo/higgsfield-pruebas-2026-08/B-nano-real-plaza.png	f0c8f0f0723c1f20c04db48b252683c18cdf950007d2f1b6149ec490e85f5b7a	7661639	prueba descartada
mover	marketing/clips-higgsfield/C1-rojo-torso.mp4	media/_archivo/higgsfield-pruebas-2026-08/C1-rojo-torso.mp4	7a7af6f22953b7424ee8567b0939fad9149f5e9ef1776b9b55b68624300c7f60	3695337	prueba descartada
mover	marketing/clips-higgsfield/D1-plaza-sobria.png	media/_archivo/higgsfield-pruebas-2026-08/D1-plaza-sobria.png	62b0e786f0a8e11e03fc3371cef93e7f5f9bd0f8e5ae41b2fe55a97fe7b8df24	7456848	prueba descartada
mover	marketing/clips-higgsfield/D2-ramada.png	media/_archivo/higgsfield-pruebas-2026-08/D2-ramada.png	8d1ee6b1f83d1355b44a261ab43b967caa934be96e6186efec094442182dbfeb	7521123	prueba descartada
mover	marketing/clips-higgsfield/D3-campo-sur.png	media/_archivo/higgsfield-pruebas-2026-08/D3-campo-sur.png	67fc1fc28e455e6acfb3add944b54fe0aeca29f36c31c5a88bba814a6d731df3	7998023	prueba descartada
mover	marketing/clips-higgsfield/E1-rojo-maniqui-limpio.png	media/_archivo/higgsfield-pruebas-2026-08/E1-rojo-maniqui-limpio.png	4b1147e6ca91f91f08b167e6606673d330ed65fc8d8a712e9ff309ac3a30ae28	7457243	prueba descartada
mover	marketing/clips-higgsfield/F1-azul-escote-modelo.png	media/_archivo/higgsfield-pruebas-2026-08/F1-azul-escote-modelo.png	dad068cca43c76592594c84432a659f54a670d71c70358ca54cba3a53a4e0660	6507255	prueba descartada
mover	marketing/clips-higgsfield/H1-lila-seedream-2ref.png	media/_archivo/higgsfield-pruebas-2026-08/H1-lila-seedream-2ref.png	a771487160a513d6efdb9287b31ec7e9909755ab5ad660ca094604e3eb4312f3	7591750	prueba descartada
mover	marketing/clips-higgsfield/V1-rojo-fondo-crema.png	media/_archivo/higgsfield-pruebas-2026-08/V1-rojo-fondo-crema.png	248032714e73d0a54b6bd759c61115568b8b0e9cf231fa03b2ec0ea73f7eecfe	6566114	prueba descartada
mover	marketing/clips-higgsfield/azul-cuerpo-crop.png	media/higgsfield/referencias/vestido-china-azul-rey-cuerpo.png	6ad2b0ec2d4e5ac41eeda836382fe907d9a15a5a7e3d4f1cb9aed35e695e598b	1485050	recorte de referencia (sin cara), usado para generar
mover	marketing/clips-higgsfield/azul-falda-crop.png	media/higgsfield/referencias/vestido-china-azul-rey-falda.png	48531d1edfad43534e267fec0b8bf30a6b7a8ed6d247f2dd9791cae3469b26a6	1888930	recorte de referencia (sin cara), usado para generar
mover	marketing/clips-higgsfield/negro-cuerpo-crop.png	media/higgsfield/referencias/vestido-china-negro-flores-cuerpo.png	70d97101bb4df0a70f489389236fa4c97249121991dfbcbf7a53efe3b9f35289	1382773	recorte de referencia (sin cara), usado para generar
mover	marketing/clips-higgsfield/negro-falda-crop.png	media/higgsfield/referencias/vestido-china-negro-flores-falda.png	c8055f1db5a6aba678a9249bf20e0966a92006df52330cfd3cdff371e439cc43	1796963	recorte de referencia (sin cara), usado para generar
mover	marketing/clips-higgsfield/copihue-enagua-crop.png	media/higgsfield/referencias/vestido-china-rojo-copihue-enagua.png	bb48688f8d693c17608cece95c2335e03d2aa77b100c7f34ca1bee86f05da741	1325907	recorte de referencia (sin cara), usado para generar
mover	marketing/clips-higgsfield/copihue-escote-crop.png	media/higgsfield/referencias/vestido-china-rojo-copihue-escote.png	44637fa228b9c0107f0de5701d03f4fcbd3b5acefcdf36db5e18a859aad23f3f	171910	recorte de referencia (sin cara), usado para generar
mover	marketing/clips-higgsfield/byn-escote-crop.png	media/higgsfield/referencias/vestido-blanco-negro-floral-escote.png	ee6b68d69eab68173c0782c84836c54cd2b3a9ae224e56924207a400c705f15d	119476	recorte de referencia (sin cara), usado para generar
mover	marketing/clips-higgsfield/huasa-jabot-crop.png	media/higgsfield/referencias/tenida-huasa-elegante-jabot.png	e309573473bfba7a985f6e88ec8c9dc5d1a403325c5c4c2f8b85fdc4bd6d14c2	116300	recorte de referencia (sin cara), usado para generar
mover	marketing/clips-higgsfield/lila-escote-crop.png	media/higgsfield/referencias/vestido-lila-escote.png	d47a4e8781436606ac8b84494d726617f84692ad035ff23e023e6f889cd2896d	277210	recorte de referencia (sin cara), usado para generar
mover	marketing/clips-higgsfield/soul-ref/ref-modelo.png	media/higgsfield/referencias/modelo.png	2ee3588d16d6f3bb256cc3a5e0de6717a745f362b08c31614009917ffba4c5e2	6475635	referencia de modelo vigente
mover	marketing/clips-higgsfield/soul-ref/ref1.png	media/_archivo/higgsfield-soul-ref/ref1.png	2d6db17157749042c5f37cb19e28f7ffdb30e37eb26109bad93e195a933b7fc1	6775467	intento soul-id descartado
mover	marketing/clips-higgsfield/soul-ref/ref2.png	media/_archivo/higgsfield-soul-ref/ref2.png	cf680aeb5446a866848f21b7eda900f9e277b1b5dd3f0f0d101ee8aeae227742	6676856	intento soul-id descartado
mover	marketing/clips-higgsfield/soul-ref/ref3.png	media/_archivo/higgsfield-soul-ref/ref3.png	e04dbc4126297aefaf1e9750670a3da6540c7cf189a63be9168fcd7e40bdd536	6680221	intento soul-id descartado
mover	marketing/clips-higgsfield/soul-ref/ref4.png	media/_archivo/higgsfield-soul-ref/ref4.png	19c8f5bd991f953fbe4dea9e2d2caeb238ea3dc7c06fa430120d1795d5b00171	6607653	intento soul-id descartado
mover	marketing/clips-higgsfield/soul-ref/ref5.png	media/_archivo/higgsfield-soul-ref/ref5.png	1c086f7c0c83571e1693d41cdddc42a0f0c46460f7b8d6101ec59ece772db509	6448494	intento soul-id descartado
mover	marketing/clips-higgsfield/reels/azul-trend-1.mp4	media/higgsfield/reels/vestido-china-azul-rey-reel-1.mp4	2e7bd116c484ce575c3472c67f9352d5d42b7d9a6df0e5964095e76966838d23	11136147	reel final aprobado
mover	marketing/clips-higgsfield/reels/azul-trend-1.prompt.txt	media/higgsfield/reels/vestido-china-azul-rey-reel-1.prompt.txt	88a18823a9124618ee43869ef89235ae65af45320c8e863fbc993c06366841cb	2526	reel final aprobado
mover	marketing/clips-higgsfield/reels/huasa-trend-1.mp4	media/higgsfield/reels/tenida-huasa-elegante-reel-1.mp4	5042e198aba3af8d1208154308d2d777b91ec3149e0fa65ae81c0568bb0c4a25	5569779	reel final aprobado
mover	marketing/clips-higgsfield/reels/huasa-trend-1.prompt.txt	media/higgsfield/reels/tenida-huasa-elegante-reel-1.prompt.txt	e7fdcd0f1fa7a5ec9e4f9c333b365ae29092d339d2e912c3b07ab78632b9bb0e	1976	reel final aprobado
mover	marketing/clips-higgsfield/reels/negro-trend-1.mp4	media/higgsfield/reels/vestido-china-negro-flores-reel-1.mp4	ff71db700e70b18378085de95744091549d03cd0e6f1754672ebcc5532839dad	10837781	reel final aprobado
mover	marketing/clips-higgsfield/reels/negro-trend-1.prompt.txt	media/higgsfield/reels/vestido-china-negro-flores-reel-1.prompt.txt	741a84477b37a76a66d61a6dfbb169392bb5785d280f9d6319e1a44ba4d34899	2441	reel final aprobado
mover	marketing/clips-higgsfield/reels/copihue-trend-2.mp4	media/higgsfield/reels/vestido-china-rojo-copihue-reel-1.mp4	572ffb99c021180083b449756ac4954221f60f06ffc0625ad8d22fc8e4554132	8961065	reel final aprobado
mover	marketing/clips-higgsfield/reels/copihue-trend-2.prompt.txt	media/higgsfield/reels/vestido-china-rojo-copihue-reel-1.prompt.txt	9421556b3c9c3e28c578f3624aca21605668e2e22d53f713c0a8d2d14b68e433	2648	reel final aprobado
mover	marketing/clips-higgsfield/reels/copihue-trend-1.mp4	media/_archivo/higgsfield-reels-descartados/vestido-china-rojo-copihue-reel-1-descartado.mp4	66db8e902eec2aea59b720a8600eeac8272b39a59aeb4ea2798960b1ff473ce8	9486434	primer intento: falso muy abierto, sonrisa exagerada
mover	marketing/clips-higgsfield/reels/copihue-trend-1.prompt.txt	media/_archivo/higgsfield-reels-descartados/vestido-china-rojo-copihue-reel-1-descartado.prompt.txt	fc7592b51fcf46f31599c0c05de050d2b3cdaa3e4f5893c4bf8c8895d179546b	2360	primer intento: falso muy abierto, sonrisa exagerada
mover	marketing/clips-higgsfield/video-historias/historia-stock-gracie.mp4	media/higgsfield/historias/historia-stock-gracie.mp4	f3f2703cfc52052e71d52557754c7b5adf2471f0a532d6d029394a507e35df92	2662404	historia reutilizable
mover	marketing/clips-higgsfield/video-historias/audio/vo-gracie.mp3	media/higgsfield/historias/audio/vo-gracie.mp3	8615c2176bd9d7abd81ab5a8af77a16a7e94ec1e64183d6e1cd40770b8ab4200	208605	voz en off reutilizable
mover	marketing/clips-higgsfield/video-historias/historia-stock-kaia.mp4	media/higgsfield/historias/historia-stock-kaia.mp4	5d2be7d7b44147d9f6e1261a44cafd0ba926840be9b83d7e207b818edf040ddb	2660879	historia reutilizable
mover	marketing/clips-higgsfield/video-historias/audio/vo-kaia.mp3	media/higgsfield/historias/audio/vo-kaia.mp3	975e3999153f4b6d154a6517c4a17242c1cc4575e54d7c86b633e2ec579950b9	193141	voz en off reutilizable
mover	marketing/clips-higgsfield/video-historias/historia-stock-talia.mp4	media/higgsfield/historias/historia-stock-talia.mp4	d3c8c616c3c37acf5717506cef16670b699ce92c1406dabb4b8756406bd70eac	2661597	historia reutilizable
mover	marketing/clips-higgsfield/video-historias/audio/vo-talia.mp3	media/higgsfield/historias/audio/vo-talia.mp3	aa9c76fa54dd6b6fb098034c04aa56acb14c3d7f8543590952a0e07f3fb06433	212367	voz en off reutilizable
mover	marketing/clips-higgsfield/video-historias/audio/musica-cueca.mp3	media/higgsfield/historias/audio/musica-cueca.mp3	25841ec3d50bee062e54d8bcdc3c3bc61ed2c2f568e43f7511b0813dc7018b65	562023	musica reutilizable
mover	marketing/clips-higgsfield/video-historias/historia-18dias-valentino.mp4	media/_archivo/higgsfield-historias-fp2026/historia-18dias-valentino.mp4	3205ba3955c2f8fb558351a731145ada8eb40c5056904372d3428a02ecfb1ccd	24134589	countdown vencido
mover	marketing/clips-higgsfield/video-historias/audio/vo-valentino.mp3	media/_archivo/higgsfield-historias-fp2026/audio/vo-valentino.mp3	8e53ec36e71fc4197c100c17b4dc8be058e1a8a5eaea38157f0b97a9dea1cc32	425827	voz del countdown vencido
mover	marketing/clips-higgsfield/video-historias/trend-ref.mp4	media/_archivo/higgsfield-historias-fp2026/trend-ref.mp4	74d165e9260572ef631be4d0f31cd20a607c3104e925b12e57381d33c40488e7	2353299	video de referencia de la tendencia (ya usado)
mover	marketing/clips-higgsfield/video-historias/audio/trend-audio.mp3	media/_archivo/higgsfield-historias-fp2026/audio/trend-audio.mp3	1a74b043fc084c217b4fb7465ca9d577140b2a4c1c4c123a3da2a850cedd8552	228351	audio extraido del trend-ref
mover	marketing/clips-higgsfield/video-historias/audio/trend-musica-sinvoz.mp3	media/_archivo/higgsfield-historias-fp2026/audio/trend-musica-sinvoz.mp3	9e3f66e4de75786ca8e46881df2542c995f3a38feb400187d20de7fd92d85a14	228351	version sin voz
mover	.codex/agents/marketing-nancy.toml	media/_archivo/codex-marketing-nancy.toml	97b3013daf2eb67bdad80a52624f5372e90e5a938fc4d600f72b2dce2acd5927	4318	duplicado hecho a mano del generado marketing_nancy.toml
mover	public/images/productos/catalogo-2026/huasa-formal-2-pose.png	media/catalogo-png/tenida-huasa-elegante-1-tres-cuartos.png	2124726a4f564ceffac33f00c6136ed6afae71ff7d05128726fa41fa11574b44	?	maestra del catalogo, renombrada por slug
mover	public/images/productos/catalogo-2026/huasa-formal-1.png	media/catalogo-png/tenida-huasa-elegante-2-frente.png	d33b5321906e84720dd7ab1a8905ebb7a9aec5dcde82aeb6ef99418675bf288e	?	maestra del catalogo, renombrada por slug
mover	public/images/productos/catalogo-2026/huasa-formal-3-costado.png	media/catalogo-png/tenida-huasa-elegante-3-costado.png	b12ed81be5ee95d22c4df6a278c61220837e1c13711c627b7994fc89949cfea6	?	maestra del catalogo, renombrada por slug
mover	public/images/productos/catalogo-2026/huasa-formal-4-jabot.png	media/catalogo-png/tenida-huasa-elegante-4-jabot.png	42812111b115fa17028ee941be85e2071e6b6fe8c32215da071e953e80b66d4d	?	maestra del catalogo, renombrada por slug
mover	public/images/productos/catalogo-2026/huasa-formal-5-faja.png	media/catalogo-png/tenida-huasa-elegante-5-faja.png	dc65f30e4057a23dd5845174f5d7031e42af776055617c3124a6333f98d3291f	?	maestra del catalogo, renombrada por slug
mover	public/images/productos/catalogo-2026/china-roja-hojas-3-zapateo.png	media/catalogo-png/vestido-china-rojo-hojas-1-zapateo.png	c34e8530b5ea49f334d8fc40d172b5d52f34dcfa6a57f2e4ca2ab83250e70f73	?	maestra del catalogo, renombrada por slug
mover	public/images/productos/catalogo-2026/china-roja-hojas-2-vuelta.png	media/catalogo-png/vestido-china-rojo-hojas-2-vuelta.png	237d78c538d794efdf53dd3c01e56c5638eb062ad17c24b715523bd4e9237644	?	maestra del catalogo, renombrada por slug
mover	public/images/productos/catalogo-2026/china-roja-hojas-1-panuelo.png	media/catalogo-png/vestido-china-rojo-hojas-3-panuelo.png	b56534eda5c1111d8a62408cfeffaec68d8aed0a3453a356c4cecd04217dd62b	?	maestra del catalogo, renombrada por slug
mover	public/images/productos/catalogo-2026/china-negro-flores-2-vuelta.png	media/catalogo-png/vestido-china-negro-flores-1-vuelta.png	e2c42ee991e510a208b7c3df2435166fadac189e7f338899cd09295a8a8a5064	?	maestra del catalogo, renombrada por slug
mover	public/images/productos/catalogo-2026/china-negro-flores-1-panuelo.png	media/catalogo-png/vestido-china-negro-flores-2-panuelo.png	64b5b3f88699866a81c5fc72f247b080e47c43f4e6650fa66e30036a948fa760	?	maestra del catalogo, renombrada por slug
mover	public/images/productos/catalogo-2026/china-negro-flores-3-zapateo.png	media/catalogo-png/vestido-china-negro-flores-3-zapateo.png	41d54f6e198ddaaa0f1f02c0afffb4b1a18cfb9285648249516209953ea228dc	?	maestra del catalogo, renombrada por slug
mover	public/images/productos/catalogo-2026/china-azul-rey-1-panuelo.png	media/catalogo-png/vestido-china-azul-rey-1-panuelo.png	c502d534ef4c1be2a0e86b2e42ab6ba2f8ff0dc7d8ddbacea0aac5fb75325291	?	maestra del catalogo, renombrada por slug
mover	public/images/productos/catalogo-2026/china-azul-rey-2-vuelta.png	media/catalogo-png/vestido-china-azul-rey-2-vuelta.png	7a3c7c78b4c7c5da0e1ac3b364de94d234c9aefbc1cc43c2800071465c5b5fda	?	maestra del catalogo, renombrada por slug
mover	public/images/productos/catalogo-2026/china-azul-rey-3-zapateo.png	media/catalogo-png/vestido-china-azul-rey-3-zapateo.png	34660a99f24857baa961eaa1966162e9032ff3631c9bb17a2ccc0c089ac872fa	?	maestra del catalogo, renombrada por slug
mover	public/images/productos/catalogo-2026/lila-2-falda.png	media/catalogo-png/vestido-lila-1-falda.png	c60fa30b8a2fe48c2b8c57e216dc0e918f9f26631f360e86652198285cce2c1f	?	maestra del catalogo, renombrada por slug
mover	public/images/productos/catalogo-2026/lila-1.png	media/catalogo-png/vestido-lila-2-frente.png	1062e7da3db5dc08995eab472425b671cfc982ef79b5981704b9f83b14db7aba	?	maestra del catalogo, renombrada por slug
mover	public/images/productos/catalogo-2026/lila-3-giro.png	media/catalogo-png/vestido-lila-3-giro.png	c35a82c19ae83cec6326d6795a9b075f210781c9a0fd15bb5571331a1cd7bf40	?	maestra del catalogo, renombrada por slug
mover	public/images/productos/catalogo-2026/china-fucsia-3-zapateo.png	media/catalogo-png/vestido-china-fucsia-1-zapateo.png	c4967240e582ba94b9d6bb2f6c7b730fe0a7ec0876f8741f91ef13de76760327	?	maestra del catalogo, renombrada por slug
mover	public/images/productos/catalogo-2026/china-fucsia-2-vuelta.png	media/catalogo-png/vestido-china-fucsia-2-vuelta.png	7ac98ee1d1ecf202cd30c2f4d257667cc1ae57f866083e034e98525bc209d4b8	?	maestra del catalogo, renombrada por slug
mover	public/images/productos/catalogo-2026/china-fucsia-1-panuelo.png	media/catalogo-png/vestido-china-fucsia-3-panuelo.png	d2d6e8cf0128eebba195fb4eef7e8a920763a9542f10bd30a93640f1ac37f4ef	?	maestra del catalogo, renombrada por slug
mover	public/images/productos/catalogo-2026/rojo-copihue-3-relajada.png	media/catalogo-png/vestido-china-rojo-copihue-1-relajada.png	21bb46967ee4a99cdbd830ce0c3c25010600795b915ffb08705f6eac182c8d16	?	maestra del catalogo, renombrada por slug
mover	public/images/productos/catalogo-2026/rojo-copihue-2-vuelo.png	media/catalogo-png/vestido-china-rojo-copihue-2-vuelo.png	311ee539bc27033d162ecc970790f4d8ec641f3a32843a5ebf4a5e17029b366d	?	maestra del catalogo, renombrada por slug
mover	public/images/productos/catalogo-2026/rojo-copihue-1.png	media/catalogo-png/vestido-china-rojo-copihue-3-frente.png	e084a96a43e98751cb503ab0647c321cca52447d1284988c4c4c99a65fc7b7bc	?	maestra del catalogo, renombrada por slug
mover	public/images/productos/catalogo-2026/blanco-negro-2-cadera.png	media/catalogo-png/vestido-blanco-negro-floral-1-cadera.png	2211b11bcf42054134ad24e0d7a6a71d2162e83744aca8981f006737150e27fb	?	maestra del catalogo, renombrada por slug
mover	public/images/productos/catalogo-2026/blanco-negro-1.png	media/catalogo-png/vestido-blanco-negro-floral-2-frente.png	2fc22e3e3dd7bd437811d08962eb440bd270c76ab677b702241a0e267af8e09d	?	maestra del catalogo, renombrada por slug
mover	public/images/productos/catalogo-2026/blanco-negro-3-hombro.png	media/catalogo-png/vestido-blanco-negro-floral-3-hombro.png	f16cf2bf7168b9915aa516fbe67ee7a90d4cb9ce29287f6f58de18ff1423c418	?	maestra del catalogo, renombrada por slug
mover	public/images/productos/catalogo-2026/enagua-cancan-1.png	media/catalogo-png/enagua-can-can-1-frente.png	1c184bcafd8192cc8fc4c33f04c9acb807de2fe7aee059d56fa95191908068f0	?	maestra del catalogo, renombrada por slug
mover	public/images/productos/catalogo-2026/crema-encaje-1-frente.png	media/catalogo-png/vestido-crema-encaje-1-frente.png	bde7a9b7ccf935926205f9f275640adfb5a3f365f76ff37676bf17f19cec6069	?	maestra del catalogo, renombrada por slug
mover	public/images/productos/catalogo-2026/crema-encaje-2-cintura.png	media/catalogo-png/vestido-crema-encaje-2-cintura.png	aa3c262ba08a50ae23ed3d5d4d3c811be00fe70fb16cbce574ba2c5006492e01	?	maestra del catalogo, renombrada por slug
mover	public/images/productos/catalogo-2026/crema-encaje-3-giro.png	media/catalogo-png/vestido-crema-encaje-3-giro.png	5842ce72519ac05adb4c2937c052ec11bd67e2744b7a5cfc75c954dc6914ae7f	?	maestra del catalogo, renombrada por slug
mover	public/images/productos/catalogo-2026/flores-jumper-1-frente.png	media/catalogo-png/vestido-negro-flores-1-frente.png	a4f230ceb5b3162a6cd4684b2f0a2cb45d7d2086d0831cd6f2523c8fc8916a43	?	maestra del catalogo, renombrada por slug
mover	public/images/productos/catalogo-2026/flores-jumper-2-cadera.png	media/catalogo-png/vestido-negro-flores-2-cadera.png	3b4a94cc19552b7c494c73f5268bd8c220105188129f31a17995014e72f161ec	?	maestra del catalogo, renombrada por slug
mover	public/images/productos/catalogo-2026/flores-jumper-3-giro.png	media/catalogo-png/vestido-negro-flores-3-giro.png	884dbe42b8c11e0b8f614752f92da01e770cab52d1b280e046f27ba60b6767e9	?	maestra del catalogo, renombrada por slug
mover	public/images/productos/catalogo-2026/geometrico-1-frente.png	media/catalogo-png/vestido-geometrico-1-frente.png	1f721271c8c0ea3af6c5bb6aae66e478b01550bc29988065fbed9c33b975a167	?	maestra del catalogo, renombrada por slug
mover	public/images/productos/catalogo-2026/geometrico-2-cintura.png	media/catalogo-png/vestido-geometrico-2-cintura.png	264e1b257b96a75128269207606df98cce484f8d87dc166417d274f2257b38df	?	maestra del catalogo, renombrada por slug
mover	public/images/productos/catalogo-2026/geometrico-3-giro.png	media/catalogo-png/vestido-geometrico-3-giro.png	25774623a429005b797a1786d261a762b3f7b4b7353a2fdbc89860787abb6b18	?	maestra del catalogo, renombrada por slug
mover	public/images/productos/catalogo-2026/negro-encaje-1-frente.png	media/catalogo-png/vestido-negro-bordado-1-frente.png	053288ad080b4dfb89d75f8f533847d34b517d8bb2e263f13c2bf89ce8e2a20b	?	maestra del catalogo, renombrada por slug
mover	public/images/productos/catalogo-2026/negro-encaje-2-cadera.png	media/catalogo-png/vestido-negro-bordado-2-cadera.png	8c893dadc1f84b677802ae33008aabd164913037b38ea4cbd10505ebc934ce74	?	maestra del catalogo, renombrada por slug
mover	public/images/productos/catalogo-2026/negro-encaje-3-paso.png	media/catalogo-png/vestido-negro-bordado-3-paso.png	1d65c665f86f42df75c29680648838f951b5ea3953131d003ec3b4850649e7e3	?	maestra del catalogo, renombrada por slug
mover	public/images/productos/catalogo-2026/rosa-hojas-jumper-1-frente.png	media/catalogo-png/vestido-hojas-rosa-1-frente.png	b10ae0abc9325e5ddd7b0c36f0bacf6c2e15780b67dd05981d6d327b4118f338	?	maestra del catalogo, renombrada por slug
mover	public/images/productos/catalogo-2026/rosa-hojas-jumper-2-cadera.png	media/catalogo-png/vestido-hojas-rosa-2-cadera.png	90b802941c066793164ef30298efe1be304624005b60a9230c81c19aa9c7cd70	?	maestra del catalogo, renombrada por slug
mover	public/images/productos/catalogo-2026/rosa-hojas-jumper-3-giro.png	media/catalogo-png/vestido-hojas-rosa-3-giro.png	eb8fd730427b9cca42f4bf1a684501031a504421045035cad6cc4b0839132bbc	?	maestra del catalogo, renombrada por slug
mover	public/images/productos/catalogo-2026/verde-punto-1-brazo.png	media/catalogo-png/vestido-verde-punto-1-brazo.png	06f83678807c64064240071b67236f112d97e569ce4686036b20e51739987d22	?	maestra del catalogo, renombrada por slug
mover	public/images/productos/catalogo-2026/verde-punto-2-paso.png	media/catalogo-png/vestido-verde-punto-2-paso.png	aaf825e3f7aa554eb1bf51997d477ac3570811b602062f1c068737cd1c1edbd9	?	maestra del catalogo, renombrada por slug
mover	public/images/productos/catalogo-2026/verde-punto-3-manga.png	media/catalogo-png/vestido-verde-punto-3-manga.png	0aae0901baca9665fcf57582b737f5205a37bd2dbd38d97d4d58c87b80d398dc	?	maestra del catalogo, renombrada por slug
mover	public/images/productos/catalogo-2026/vestido-dorado-1.png	media/catalogo-png/vestido-negro-dorado-1-chaqueta-abierta.png	c58c824cd22e4c7c4a89cd3c3d6f9d772e78e0cd7ea7d697106d14ef6e87dcf4	?	maestra del catalogo, renombrada por slug
mover	public/images/productos/catalogo-2026/vestido-dorado-2-perfil.png	media/catalogo-png/vestido-negro-dorado-2-perfil.png	cb14bf6dd5651c2763e6a180223245e35bcb44d9a98825aa527b0a67a81825e8	?	maestra del catalogo, renombrada por slug
mover	public/images/productos/catalogo-2026/vestido-dorado-3-cadera.png	media/catalogo-png/vestido-negro-dorado-3-cadera.png	301c2c902360249af5e133858f3070b88a2459ef3e7f86953f1602435491c15c	?	maestra del catalogo, renombrada por slug
mover	public/images/productos/catalogo-2026/negro-jumper-1-frente.png	media/catalogo-png/vestido-negro-basico-1-frente.png	c4e10eaf3527b54a00e342d3f5dfee696bd2f3b8331a5e9811cccc665ca4a325	?	maestra del catalogo, renombrada por slug
mover	public/images/productos/catalogo-2026/negro-jumper-2-cadera.png	media/catalogo-png/vestido-negro-basico-2-cadera.png	b7ff432f3f23cd017508b744b9a46b745da1391963c43b7ab7b84ed1f85954e6	?	maestra del catalogo, renombrada por slug
mover	public/images/productos/catalogo-2026/negro-jumper-3-giro.png	media/catalogo-png/vestido-negro-basico-3-giro.png	05d37ae590717d11f4d654b5e761199e188d3ad1a7645784662b9e964709ab8d	?	maestra del catalogo, renombrada por slug
mover	public/images/productos/catalogo-2026/crema-blazer-1-frente.png	media/catalogo-png/blazer-crema-1-frente.png	c8477090bfb5f05a127d9135ef5a21fabbc4b71bc8095a09cfb0b281b223ae3e	?	maestra del catalogo, renombrada por slug
mover	public/images/productos/catalogo-2026/crema-blazer-2-cadera.png	media/catalogo-png/blazer-crema-2-cadera.png	204c208ffc8001c98d630dcae356a9d0f623e215165d09ff512c9b0c53c01b5a	?	maestra del catalogo, renombrada por slug
mover	public/images/productos/catalogo-2026/crema-blazer-3-paso.png	media/catalogo-png/blazer-crema-3-paso.png	20b172e5b401b63f92932e13eebfd0051314b47b3e20fabf39fe05e30bd842aa	?	maestra del catalogo, renombrada por slug
mover	public/images/productos/catalogo-2026/geometrico-blazer-1-frente.png	media/catalogo-png/blazer-negro-corto-1-frente.png	c1ac4a65449cafb1e73e4e01fabc7ca4d072777eddb452e321d99d3281d693ca	?	maestra del catalogo, renombrada por slug
mover	public/images/productos/catalogo-2026/geometrico-blazer-2-cadera.png	media/catalogo-png/blazer-negro-corto-2-cadera.png	3d3ab6d0f73a0125a2529cb20f02763003e379419afabdfef78e240eece3862a	?	maestra del catalogo, renombrada por slug
mover	public/images/productos/catalogo-2026/geometrico-blazer-3-paso.png	media/catalogo-png/blazer-negro-corto-3-paso.png	f65a2b749d0e230fd7fb2ed63772d02d51a2ea4f59387b0654631c9fcdf2b0d4	?	maestra del catalogo, renombrada por slug
mover	public/images/productos/catalogo-2026/blusa-1-puno.png	media/catalogo-png/conjunto-blusa-blanca-pantalon-negro-1-puno.png	c17605afc469f049fbb311f22e08e830824a9c6a1621e0012681fb6774bf9150	?	maestra del catalogo, renombrada por slug
mover	public/images/productos/catalogo-2026/blusa-2-cadera.png	media/catalogo-png/conjunto-blusa-blanca-pantalon-negro-2-cadera.png	6b68cc26cc426f0f45259706bda817a0ce908b3be856d598d2f67f8b6e1eb35e	?	maestra del catalogo, renombrada por slug
mover	public/images/productos/catalogo-2026/blusa-3-perfil.png	media/catalogo-png/conjunto-blusa-blanca-pantalon-negro-3-perfil.png	164ae6c32b40b359b9b2b085f2c60ed8ef6137e6adf884cc2cf0cb40ac085a35	?	maestra del catalogo, renombrada por slug
mover	public/images/productos/catalogo-2026/jumper-flores-blanco-1-frente.png	media/catalogo-png/conjunto-floral-blazer-blanco-1-frente.png	5814945dab6717682e3a3e0f6f30fbce729060e17509322ac94d75e32f11ec06	?	maestra del catalogo, renombrada por slug
mover	public/images/productos/catalogo-2026/jumper-flores-blanco-2-cadera.png	media/catalogo-png/conjunto-floral-blazer-blanco-2-cadera.png	6af38120dd9c51c4aa54f65c1b328dc8425d5e3525ae161f005ede03cafe2092	?	maestra del catalogo, renombrada por slug
mover	public/images/productos/catalogo-2026/jumper-flores-blanco-3-paso.png	media/catalogo-png/conjunto-floral-blazer-blanco-3-paso.png	5b6cb41933a38fc4ee9fd8043081ee35ec3abdf6a456531d35ed44698bf9a2f0	?	maestra del catalogo, renombrada por slug
mover	public/images/productos/catalogo-2026/jumper-flores-negro-1-frente.png	media/catalogo-png/conjunto-floral-blazer-negro-1-frente.png	77ab6924c9126f15c47664bb1a96de7951bdf049f09f93c58128c9641475af75	?	maestra del catalogo, renombrada por slug
mover	public/images/productos/catalogo-2026/jumper-flores-negro-2-cadera.png	media/catalogo-png/conjunto-floral-blazer-negro-2-cadera.png	6d0ff5ffe35b398810d318a6a3faa226be00e9c8d65797433b0a05059ae88e62	?	maestra del catalogo, renombrada por slug
mover	public/images/productos/catalogo-2026/jumper-flores-negro-3-paso.png	media/catalogo-png/conjunto-floral-blazer-negro-3-paso.png	acdf8de1fc7ad57b9a654d276337745509df8a715f9a27406e2aca1ba524d2cd	?	maestra del catalogo, renombrada por slug
mover	public/images/productos/catalogo-2026/turquesa-1-relajada.png	media/catalogo-png/conjunto-turquesa-chaqueta-larga-1-relajada.png	f2e61f83b050d0b61340b8462dc24e00a41ede9ecdc411210248151d5a3c0ed0	?	maestra del catalogo, renombrada por slug
mover	public/images/productos/catalogo-2026/turquesa-2-manga.png	media/catalogo-png/conjunto-turquesa-chaqueta-larga-2-manga.png	04fe4664d0ca0962ecf5df51a6565b526d004f3c209b5b306b1762a4c0b07395	?	maestra del catalogo, renombrada por slug
mover	public/images/productos/catalogo-2026/turquesa-3-canto.png	media/catalogo-png/conjunto-turquesa-chaqueta-larga-3-canto.png	f732904b3e8ea6c9045dfdb7f26c72186ee71488f83d3788013230cabb79b5c7	?	maestra del catalogo, renombrada por slug
mover	public/images/productos/catalogo-2026/rosa-hojas-2-bolsillo.png	media/catalogo-png/conjunto-hojas-chaqueta-rosa-1-bolsillo.png	b55b37af17a8845cd34c164422e236a96b361e67e899cdf432632ffc603d9c30	?	maestra del catalogo, renombrada por slug
mover	public/images/productos/catalogo-2026/rosa-hojas-1-frente.png	media/catalogo-png/conjunto-hojas-chaqueta-rosa-2-frente.png	b4ae2982bd2ea58ea562f3063567733806ceb47dd01b67767c5928987f27e46d	?	maestra del catalogo, renombrada por slug
mover	public/images/productos/catalogo-2026/rosa-hojas-3-paso.png	media/catalogo-png/conjunto-hojas-chaqueta-rosa-3-paso.png	12083557104a61b424fb5ac94f27be08017f1f00f96c2460bed127ba218e4e33	?	maestra del catalogo, renombrada por slug
mover	public/images/productos/catalogo-2026/traje-1-bolsillo.png	media/catalogo-png/conjunto-traje-negro-1-bolsillo.png	58d26d2b356c634e28b5f672a67048fbe303ed380b86754c87d5e12a40da8c77	?	maestra del catalogo, renombrada por slug
mover	public/images/productos/catalogo-2026/traje-2-boton.png	media/catalogo-png/conjunto-traje-negro-2-boton.png	cdeaadc2d9cd5ea6ee09dbe8a91b5ec803656f88dd94f4e7fa05bc1f5c1946c1	?	maestra del catalogo, renombrada por slug
mover	public/images/productos/catalogo-2026/traje-3-tresCuartos.png	media/catalogo-png/conjunto-traje-negro-3-tres-cuartos.png	b8e91cf370575f81039bf96965c615de91a65c7b1cc71dc82132c6e8c37e636b	?	maestra del catalogo, renombrada por slug
mover	public/images/productos/catalogo-2026/abrigo-damasco-3-cuello.png	media/catalogo-png/abrigo-jacquard-damasco-1-cuello.png	8e663b14de6f805dc54770ddf22c89ad2d560d88b8b923ebd47e3aa5d4d2ad51	?	maestra del catalogo, renombrada por slug
mover	public/images/productos/catalogo-2026/abrigo-damasco-1.png	media/catalogo-png/abrigo-jacquard-damasco-2-frente.png	01c6cecd989c38fd7f864f11dba703ba4d6e48a4448653759ad8787a148233fd	?	maestra del catalogo, renombrada por slug
mover	public/images/productos/catalogo-2026/abrigo-damasco-2-bolsillos.png	media/catalogo-png/abrigo-jacquard-damasco-3-bolsillo.png	d7e2ec368b5da3f758a99b0ba10ed4941ed0d1fc9899bc584065d9016b77c4f7	?	maestra del catalogo, renombrada por slug
